支店,会員タイプ,性別,商品カテゴリ,単価,数量,課税額,合計金額,購入日,購入時刻,支払い方法,単価あたりの原価
A,会員,女性,美容・健康,74.69,7,26.1415,548.9715,1/5/2019,13:08,電子マネー,17.06295014542956
C,ゲスト,女性,家電小物,15.28,5,3.82,,3/8/2019,10:29,現金,5.730932837985839
A,ゲスト,男性,生活雑貨,46.33,7,16.2155,340.5255,3/3/2019,13:23,クレジットカード,30.400277219139056
A,会員,男性,美容・健康,58.22,8,23.288,489.048,1/27/2019,20:33,電子マネー,11.707241295870977
A,ゲスト,男性,スポーツ・旅行,86.31,7,30.2085,634.3785,2/8/2019,10:37,電子マネー,51.48929090414562
C,ゲスト,男性,家電小物,85.39,7,29.8865,627.6165,3/25/2019,18:30,電子マネー,40.77104969280676
A,会員,女性,家電小物,68.84,6,20.652,433.692,2/25/2019,14:36,電子マネー,32.04505337842966
C,ゲスト,女性,生活雑貨,73.56,10,36.78,772.38,2/24/2019,11:38,電子マネー,52.4847289173125
A,会員,女性,美容・健康,36.26,2,3.626,,1/10/2019,17:15,クレジットカード,8.421413335188117
B,会員,女性,食品・飲料,54.84,3,8.226,172.746,2/20/2019,13:27,クレジットカード,36.04009307326279
B,会員,女性,ファッション,14.48,4,2.896,,2/6/2019,18:07,電子マネー,5.3229956822199345
B,会員,男性,家電小物,25.51,4,5.102,107.142,3/9/2019,17:03,現金,14.924702357035
A,ゲスト,女性,家電小物,46.95,5,11.7375,246.4875,2/12/2019,10:25,電子マネー,22.55550207825746
A,ゲスト,男性,食品・飲料,43.19,10,21.595,453.495,2/7/2019,16:48,電子マネー,28.827142114567152
A,ゲスト,女性,美容・健康,71.38,10,35.69,749.49,3/29/2019,19:21,現金,18.88376158575034
B,会員,女性,スポーツ・旅行,93.72,6,28.116,590.436,1/15/2019,16:19,現金,53.74530884387713
A,会員,女性,美容・健康,68.93,7,24.1255,506.6355,3/11/2019,11:03,クレジットカード,15.731414862672215
A,ゲスト,男性,スポーツ・旅行,72.61,6,21.783,457.443,1/1/2019,10:39,クレジットカード,36.36055992242863
A,ゲスト,男性,食品・飲料,54.67,3,8.2005,172.2105,1/21/2019,18:00,クレジットカード,36.99604840133181
B,ゲスト,女性,生活雑貨,40.3,2,4.03,,3/11/2019,15:30,電子マネー,30.07595191687022
C,会員,男性,家電小物,86.04,5,21.51,451.71,2/25/2019,11:24,電子マネー,39.101553653377195
B,ゲスト,男性,美容・健康,87.98,3,13.197,277.137,3/5/2019,10:40,電子マネー,24.591364897037344
B,ゲスト,男性,生活雑貨,33.2,2,3.32,,3/15/2019,12:20,クレジットカード,21.31580416272954
A,ゲスト,男性,家電小物,34.56,5,8.64,181.44,2/17/2019,11:15,電子マネー,14.803282323795464
A,会員,男性,スポーツ・旅行,88.63,3,13.2945,279.1845,3/2/2019,17:36,電子マネー,50.22203968896742
A,会員,女性,生活雑貨,52.59,8,21.036,441.756,3/22/2019,19:20,クレジットカード,35.94870621302408
B,ゲスト,男性,ファッション,33.52,1,1.676,,2/8/2019,15:31,現金,9.027556117191242
A,ゲスト,女性,ファッション,87.67,2,8.767,184.107,3/10/2019,12:17,クレジットカード,29.73656251138342
B,ゲスト,女性,食品・飲料,88.36,5,22.09,463.89,1/25/2019,19:48,現金,59.15117072813748
A,ゲスト,男性,美容・健康,24.89,9,11.2005,235.2105,3/15/2019,15:36,現金,4.955135817972911
B,ゲスト,男性,ファッション,94.13,5,23.5325,494.1825,2/25/2019,19:39,クレジットカード,31.624459220085573
B,会員,男性,スポーツ・旅行,78.07,9,35.1315,737.7615,1/28/2019,12:43,現金,43.93712597057655
B,ゲスト,男性,スポーツ・旅行,83.78,8,33.512,703.752,1/10/2019,14:49,現金,45.95176860793052
A,ゲスト,男性,美容・健康,96.58,2,9.658,202.818,3/15/2019,10:12,クレジットカード,21.2246942211778
C,会員,女性,食品・飲料,99.42,4,19.884,417.564,2/6/2019,10:42,電子マネー,62.82757647581082
C,会員,女性,スポーツ・旅行,68.12,1,3.406,,1/7/2019,12:28,電子マネー,38.39320578865722
A,会員,男性,スポーツ・旅行,62.62,5,15.655,328.755,3/10/2019,19:15,電子マネー,37.93708600101498
A,ゲスト,女性,家電小物,60.88,9,27.396,575.316,1/15/2019,17:17,電子マネー,23.801215683485765
C,ゲスト,女性,美容・健康,54.92,8,21.968,461.328,3/23/2019,13:24,電子マネー,16.26554846237475
B,会員,男性,生活雑貨,30.12,8,12.048,253.008,3/3/2019,13:01,現金,20.67064922871255
B,会員,女性,生活雑貨,86.72,1,4.336,,1/17/2019,18:45,電子マネー,64.53778081727255
C,会員,男性,生活雑貨,56.11,2,5.611,117.831,2/2/2019,10:11,現金,44.19238939862937
B,会員,女性,スポーツ・旅行,69.12,6,20.736,435.456,2/8/2019,13:03,現金,42.59147119677538
C,会員,女性,食品・飲料,98.7,8,39.48,829.08,3/4/2019,20:39,現金,72.50404023363733
C,会員,男性,美容・健康,15.37,2,1.537,,3/16/2019,19:47,現金,4.590012767927351
B,会員,女性,家電小物,93.96,4,18.792,394.632,3/9/2019,18:00,現金,37.79347440294239
B,会員,男性,美容・健康,56.69,9,25.5105,535.7205,2/27/2019,17:24,クレジットカード,16.25175531380199
B,会員,女性,食品・飲料,20.01,9,9.0045,189.0945,2/6/2019,15:47,電子マネー,12.954516833657744
B,会員,男性,家電小物,18.93,6,5.679,119.259,2/10/2019,12:45,クレジットカード,9.987606876842591
C,会員,女性,ファッション,82.63,10,41.315,867.615,3/19/2019,17:08,電子マネー,26.24424829324476
C,会員,男性,食品・飲料,91.4,7,31.99,671.79,2/3/2019,10:19,現金,56.644736085416405
A,会員,女性,食品・飲料,44.59,5,11.1475,234.0975,2/10/2019,15:10,現金,30.32310599904627
B,会員,女性,ファッション,17.87,4,3.574,,3/22/2019,14:42,電子マネー,3.6749439055684814
C,会員,男性,ファッション,15.43,1,0.7715,,1/25/2019,15:46,クレジットカード,5.291643487771449
B,ゲスト,男性,生活雑貨,16.16,2,1.616,,3/7/2019,11:49,電子マネー,11.445030598357707
C,ゲスト,女性,家電小物,85.98,8,34.392,722.232,2/28/2019,19:01,現金,38.49609550396042
A,会員,男性,生活雑貨,44.34,2,4.434,,3/27/2019,11:26,現金,31.629423356824873
A,ゲスト,男性,美容・健康,89.6,8,35.84,752.64,2/7/2019,11:28,電子マネー,21.7814503364662
A,会員,女性,生活雑貨,72.35,10,36.175,759.675,1/20/2019,15:55,現金,43.20702929092172
C,ゲスト,男性,家電小物,30.61,6,9.183,192.843,3/12/2019,20:36,現金,16.26825730229558
C,会員,女性,スポーツ・旅行,24.74,3,3.711,,2/15/2019,17:47,クレジットカード,10.810433957260221
C,ゲスト,男性,生活雑貨,55.73,6,16.719,351.099,2/24/2019,10:55,電子マネー,39.52543464687336
B,会員,女性,スポーツ・旅行,55.07,9,24.7815,520.4115,2/3/2019,13:40,電子マネー,30.462924582929205
A,会員,男性,スポーツ・旅行,15.81,10,7.905,166.005,3/6/2019,12:27,クレジットカード,9.89576936616633
B,会員,男性,美容・健康,75.74,4,15.148,318.108,2/14/2019,14:35,現金,13.992996439185484
A,会員,男性,美容・健康,15.87,10,7.935,166.635,3/13/2019,16:40,現金,4.070452268790583
C,ゲスト,女性,美容・健康,33.47,2,3.347,,2/10/2019,15:43,電子マネー,8.293851908668225
B,会員,女性,ファッション,97.61,6,29.283,614.943,1/7/2019,15:01,電子マネー,40.014053840656956
A,ゲスト,男性,スポーツ・旅行,78.77,10,39.385,827.085,1/24/2019,10:04,現金,41.23400358721554
A,会員,女性,美容・健康,18.33,1,0.9165,,2/2/2019,18:50,現金,7.479348338610915
C,ゲスト,男性,食品・飲料,89.48,10,44.74,939.54,1/6/2019,12:46,クレジットカード,57.17829657735391
C,ゲスト,男性,ファッション,62.12,10,31.06,652.26,2/11/2019,16:19,現金,24.393921057862467
B,会員,女性,食品・飲料,48.52,3,7.278,152.838,3/5/2019,18:17,電子マネー,30.503085996672258
C,ゲスト,女性,家電小物,75.91,6,22.773,478.233,3/9/2019,18:21,現金,34.39541292368178
A,ゲスト,男性,生活雑貨,74.67,9,33.6015,705.6315,1/22/2019,10:55,電子マネー,48.7695749334502
C,ゲスト,女性,家電小物,41.65,10,20.825,437.325,1/13/2019,17:04,クレジットカード,20.460068124734757
C,会員,男性,ファッション,49.04,9,22.068,463.428,1/9/2019,14:20,クレジットカード,15.897255058309163
A,会員,女性,ファッション,20.01,9,9.0045,189.0945,1/12/2019,15:48,クレジットカード,8.54954303570688
C,会員,女性,食品・飲料,78.31,10,39.155,822.255,3/5/2019,16:24,電子マネー,46.60486889223011
C,ゲスト,女性,美容・健康,20.38,5,5.095,106.995,1/22/2019,18:56,現金,4.701643339581684
C,ゲスト,女性,美容・健康,99.19,6,29.757,624.897,1/21/2019,14:42,クレジットカード,18.187446258740852
B,ゲスト,女性,食品・飲料,96.68,3,14.502,304.542,1/26/2019,19:56,電子マネー,63.989293183320896
C,ゲスト,男性,食品・飲料,19.25,8,7.7,161.7,1/23/2019,18:37,電子マネー,13.257465674802315
C,会員,女性,食品・飲料,80.36,4,16.072,337.512,2/23/2019,18:45,クレジットカード,46.2289146525992
C,会員,男性,スポーツ・旅行,48.91,5,12.2275,256.7775,3/9/2019,10:17,現金,21.661713188965336
C,ゲスト,女性,スポーツ・旅行,83.06,7,29.071,610.491,3/5/2019,14:31,電子マネー,45.423185974743426
C,ゲスト,男性,ファッション,76.52,5,19.13,401.73,3/25/2019,10:23,現金,21.51283872394573
A,会員,男性,食品・飲料,49.38,7,17.283,362.943,3/27/2019,20:35,クレジットカード,31.312976364220745
A,ゲスト,男性,スポーツ・旅行,42.47,1,2.1235,,1/2/2019,16:57,現金,28.737091363777136
B,ゲスト,女性,美容・健康,76.99,6,23.097,485.037,2/27/2019,17:55,現金,28.707337412752153
C,会員,女性,生活雑貨,47.38,4,9.476,198.996,1/23/2019,10:25,現金,33.56934150806814
C,ゲスト,女性,スポーツ・旅行,44.86,10,22.43,471.03,1/26/2019,19:54,電子マネー,24.848724948828114
A,会員,女性,スポーツ・旅行,21.98,7,7.693,161.553,1/10/2019,16:42,電子マネー,13.040703186948464
B,会員,男性,美容・健康,64.36,9,28.962,608.202,3/12/2019,12:09,クレジットカード,19.01597663018957
C,ゲスト,男性,美容・健康,89.75,1,4.4875,,2/6/2019,20:05,クレジットカード,19.952870709886355
A,ゲスト,男性,家電小物,97.16,1,4.858,102.018,3/8/2019,20:38,電子マネー,54.72684534428357
B,ゲスト,男性,美容・健康,87.87,10,43.935,922.635,3/29/2019,10:25,電子マネー,9.123586238746714
C,ゲスト,女性,家電小物,12.45,6,3.735,,2/9/2019,13:11,現金,5.3664174651431775
A,ゲスト,男性,食品・飲料,52.75,3,7.9125,166.1625,3/23/2019,10:16,電子マネー,35.04830117242338
B,ゲスト,男性,生活雑貨,82.7,6,24.81,521.01,3/5/2019,18:14,現金,57.688757825879364
C,会員,男性,ファッション,48.71,1,2.4355,,3/26/2019,19:20,現金,14.226023404479703
C,ゲスト,男性,ファッション,78.55,9,35.3475,742.2975,3/1/2019,13:22,現金,24.985080763550677
C,ゲスト,女性,家電小物,23.07,9,10.3815,218.0115,2/1/2019,11:27,現金,9.370345216681224
A,ゲスト,男性,食品・飲料,58.26,6,17.478,367.038,3/28/2019,16:44,現金,40.419541265986204
B,ゲスト,男性,美容・健康,30.35,7,10.6225,223.0725,3/19/2019,18:19,現金,6.9122846995839655
A,会員,男性,家電小物,88.67,10,44.335,931.035,1/12/2019,14:50,電子マネー,41.31672826841802
C,ゲスト,男性,ファッション,27.38,6,8.214,172.494,1/5/2019,20:54,クレジットカード,7.205655888593653
A,ゲスト,男性,スポーツ・旅行,62.13,6,18.639,391.419,3/22/2019,20:19,現金,37.05066181362624
C,ゲスト,女性,食品・飲料,33.98,9,15.291,321.111,3/24/2019,10:43,現金,20.39945642205468
C,会員,男性,家電小物,81.97,10,40.985,860.685,3/3/2019,14:30,現金,34.26458713612918
B,会員,女性,スポーツ・旅行,16.49,2,1.649,,2/5/2019,11:32,電子マネー,8.56443566880829
C,会員,女性,美容・健康,98.21,3,14.7315,309.3615,2/5/2019,10:41,クレジットカード,19.19794679224646
B,ゲスト,女性,ファッション,72.84,7,25.494,535.374,2/15/2019,12:44,現金,30.17993909896981
A,会員,男性,生活雑貨,58.07,9,26.1315,548.7615,1/19/2019,20:07,電子マネー,42.30282446413213
C,会員,女性,生活雑貨,80.79,9,36.3555,763.4655,2/1/2019,20:31,クレジットカード,59.430842903113096
C,ゲスト,女性,ファッション,27.02,3,4.053,,3/2/2019,13:01,クレジットカード,8.903655453287488
B,会員,男性,ファッション,21.94,5,5.485,115.185,3/5/2019,12:29,電子マネー,7.267074699939434
B,会員,男性,ファッション,51.36,1,2.568,,1/16/2019,15:26,電子マネー,20.77754810263428
A,ゲスト,女性,食品・飲料,10.96,10,5.48,115.08,2/2/2019,20:48,電子マネー,7.272685849619471
B,ゲスト,男性,生活雑貨,53.44,2,5.344,112.224,1/20/2019,20:38,電子マネー,33.800395004859965
A,ゲスト,女性,家電小物,99.56,8,39.824,836.304,2/14/2019,17:03,クレジットカード,44.417383256359344
C,会員,男性,スポーツ・旅行,57.12,7,19.992,419.832,1/12/2019,12:02,クレジットカード,31.17012950244862
B,会員,男性,スポーツ・旅行,99.96,9,44.982,944.622,3/9/2019,17:26,クレジットカード,67.53233893888803
C,会員,男性,生活雑貨,63.91,8,25.564,536.844,3/13/2019,19:52,クレジットカード,41.789501362139575
B,会員,女性,ファッション,56.47,8,22.588,474.348,3/9/2019,14:57,電子マネー,18.910440359797285
A,ゲスト,女性,生活雑貨,93.69,7,32.7915,688.6215,3/10/2019,18:44,クレジットカード,63.410833559077915
A,ゲスト,女性,スポーツ・旅行,32.25,5,8.0625,169.3125,1/27/2019,13:26,現金,17.135790652015594
C,ゲスト,女性,ファッション,31.73,9,14.2785,299.8485,1/8/2019,16:17,クレジットカード,9.857430119921764
C,会員,女性,食品・飲料,68.54,8,27.416,575.736,1/8/2019,15:57,電子マネー,49.133111840321604
B,ゲスト,女性,スポーツ・旅行,90.28,9,40.626,853.146,2/8/2019,11:15,電子マネー,38.406612769031355
B,ゲスト,女性,ファッション,39.62,7,13.867,291.207,1/25/2019,13:18,現金,11.708790422300273
A,会員,女性,スポーツ・旅行,92.13,6,27.639,580.419,3/6/2019,20:34,現金,53.36210236714266
B,ゲスト,女性,スポーツ・旅行,34.84,4,6.968,146.328,2/10/2019,18:36,現金,19.445157074049188
B,会員,男性,家電小物,87.45,6,26.235,550.935,2/17/2019,14:40,クレジットカード,36.803422567096085
C,ゲスト,女性,美容・健康,81.3,6,24.39,512.19,3/8/2019,16:43,電子マネー,23.61719764613541
C,ゲスト,男性,ファッション,90.22,3,13.533,284.193,2/18/2019,19:39,現金,33.462400073408226
A,ゲスト,女性,家電小物,26.31,5,6.5775,138.1275,1/18/2019,20:59,クレジットカード,10.136940309422894
A,会員,女性,生活雑貨,34.42,6,10.326,216.846,2/18/2019,15:39,現金,21.590479829259642
B,ゲスト,男性,スポーツ・旅行,51.91,10,25.955,545.055,2/16/2019,12:21,現金,27.051877819138042
A,ゲスト,男性,スポーツ・旅行,72.5,8,29.0,609.0,3/16/2019,19:25,電子マネー,44.384121527495985
C,会員,女性,スポーツ・旅行,89.8,10,44.9,942.9,1/23/2019,13:00,クレジットカード,56.07899542077226
C,会員,男性,美容・健康,90.5,10,45.25,950.25,1/25/2019,13:48,現金,25.886496364401527
C,会員,女性,美容・健康,68.6,10,34.3,720.3,2/5/2019,19:57,現金,17.323063862844926
C,会員,女性,食品・飲料,30.41,1,1.5205,,2/22/2019,10:36,クレジットカード,17.691742192527474
A,ゲスト,女性,生活雑貨,77.95,6,23.385,491.085,1/21/2019,16:37,電子マネー,55.265940946577444
C,ゲスト,女性,美容・健康,46.26,6,13.878,291.438,3/8/2019,17:11,クレジットカード,13.023208232606692
A,会員,女性,ファッション,30.14,10,15.07,316.47,2/10/2019,12:28,電子マネー,10.033485850923858
C,ゲスト,男性,美容・健康,66.14,4,13.228,277.788,3/19/2019,12:46,クレジットカード,17.19654554278288
B,会員,男性,生活雑貨,71.86,8,28.744,603.624,3/6/2019,15:07,クレジットカード,51.01044772567268
A,ゲスト,男性,美容・健康,32.46,8,12.984,272.664,3/27/2019,13:48,クレジットカード,8.266219723337237
B,会員,女性,ファッション,91.54,4,18.308,384.468,3/23/2019,19:20,クレジットカード,30.8501748730368
C,会員,男性,スポーツ・旅行,34.56,7,12.096,254.016,3/11/2019,16:07,クレジットカード,15.873210556669568
A,ゲスト,男性,ファッション,83.24,9,37.458,786.618,1/29/2019,11:56,クレジットカード,31.388706148795666
C,ゲスト,女性,食品・飲料,16.48,6,4.944,103.824,2/7/2019,18:23,電子マネー,10.569998135703473
C,ゲスト,女性,スポーツ・旅行,80.97,8,32.388,680.148,1/28/2019,13:05,現金,41.27303160822654
A,会員,男性,食品・飲料,92.29,5,23.0725,484.5225,2/20/2019,15:55,クレジットカード,67.58110401003404
B,会員,男性,家電小物,72.17,1,3.6085,,1/4/2019,19:40,現金,28.71862610536185
B,ゲスト,男性,生活雑貨,50.28,5,12.57,263.97,3/7/2019,13:58,電子マネー,36.953824343892144
B,会員,男性,美容・健康,97.22,9,43.749,918.729,3/30/2019,14:43,電子マネー,24.76635436257133
B,ゲスト,男性,スポーツ・旅行,93.39,6,28.017,588.357,3/27/2019,19:18,電子マネー,54.8590327068631
C,ゲスト,女性,食品・飲料,43.18,8,17.272,362.712,1/19/2019,19:39,クレジットカード,28.518078341178395
A,ゲスト,男性,スポーツ・旅行,63.69,1,3.1845,,2/25/2019,16:21,現金,31.309357928637937
A,ゲスト,男性,食品・飲料,45.79,7,16.0265,336.5565,3/13/2019,19:44,クレジットカード,34.544246301469805
C,ゲスト,男性,スポーツ・旅行,76.4,2,7.64,160.44,1/30/2019,19:42,電子マネー,43.96748673949124
B,ゲスト,男性,食品・飲料,39.9,10,19.95,418.95,2/20/2019,15:24,クレジットカード,26.196479002616204
B,会員,男性,美容・健康,42.57,8,17.028,357.588,2/25/2019,14:12,電子マネー,7.553918478069104
C,ゲスト,男性,生活雑貨,95.58,10,47.79,1003.59,1/16/2019,13:32,現金,64.59562504568945
A,ゲスト,男性,ファッション,98.98,10,49.49,1039.29,2/8/2019,16:20,クレジットカード,38.64080383536447
A,ゲスト,男性,食品・飲料,51.28,6,15.384,323.064,1/19/2019,16:31,現金,33.99460852540492
A,会員,男性,スポーツ・旅行,69.52,7,24.332,510.972,2/1/2019,15:10,クレジットカード,32.90284688144187
A,ゲスト,男性,美容・健康,70.01,5,17.5025,367.5525,1/3/2019,11:36,電子マネー,14.804684673764031
B,会員,男性,食品・飲料,80.05,5,20.0125,420.2625,1/26/2019,12:45,クレジットカード,52.46415559834141
C,ゲスト,男性,家電小物,20.85,8,8.34,175.14,3/3/2019,19:17,現金,8.326989015138686
B,会員,男性,家電小物,52.89,6,15.867,333.207,1/19/2019,17:34,クレジットカード,29.003161237706983
B,ゲスト,男性,食品・飲料,19.79,8,7.916,166.236,1/18/2019,12:04,電子マネー,13.99421935650293
A,会員,男性,生活雑貨,33.84,9,15.228,319.788,3/21/2019,16:21,電子マネー,22.30392221917958
A,会員,男性,食品・飲料,22.17,8,8.868,186.228,3/3/2019,17:01,クレジットカード,15.173721065771652
C,ゲスト,女性,ファッション,22.51,7,7.8785,165.4485,2/13/2019,10:50,クレジットカード,9.120123594343278
A,ゲスト,男性,食品・飲料,73.88,6,22.164,465.444,3/23/2019,19:16,電子マネー,44.99605585016466
C,会員,男性,美容・健康,86.8,3,13.02,273.42,1/28/2019,16:47,電子マネー,29.1359726836135
C,ゲスト,男性,ファッション,64.26,7,22.491,472.311,2/9/2019,10:00,現金,21.18383129813096
C,会員,男性,食品・飲料,38.47,8,15.388,323.148,1/23/2019,11:51,現金,22.594748200396662
A,会員,男性,スポーツ・旅行,15.5,10,7.75,162.75,3/23/2019,10:55,電子マネー,8.159077421935532
C,ゲスト,男性,美容・健康,34.31,8,13.724,288.204,1/25/2019,15:00,電子マネー,9.320309812053695
A,ゲスト,女性,スポーツ・旅行,12.34,7,4.319,,3/4/2019,11:19,クレジットカード,6.90423490996169
B,会員,男性,食品・飲料,18.08,3,2.712,,3/5/2019,19:46,電子マネー,10.346294535767441
B,会員,女性,生活雑貨,94.49,8,37.796,793.716,3/3/2019,19:00,電子マネー,59.92656218467725
B,会員,男性,生活雑貨,46.47,4,9.294,195.174,2/8/2019,10:53,現金,31.23223874671067
A,ゲスト,男性,生活雑貨,74.07,1,3.7035,,2/10/2019,12:50,電子マネー,53.161793146844296
C,ゲスト,女性,生活雑貨,69.81,4,13.962,293.202,1/28/2019,20:50,クレジットカード,44.08866218900478
B,ゲスト,女性,生活雑貨,77.04,3,11.556,242.676,2/11/2019,10:39,クレジットカード,61.397543096791956
B,ゲスト,女性,ファッション,73.52,2,7.352,154.392,1/15/2019,13:41,電子マネー,24.256633855254854
C,ゲスト,女性,食品・飲料,87.8,9,39.51,829.71,3/16/2019,19:08,現金,52.80733768666275
B,ゲスト,男性,生活雑貨,25.55,4,5.11,107.31,1/26/2019,20:23,電子マネー,16.64940559657362
A,ゲスト,男性,家電小物,32.71,5,8.1775,171.7275,3/19/2019,11:30,クレジットカード,13.928487982853014
C,会員,女性,ファッション,74.29,1,3.7145,,1/13/2019,19:30,現金,25.739366787563664
C,会員,男性,美容・健康,43.7,2,4.37,,3/26/2019,18:03,現金,9.456004109982366
A,ゲスト,女性,生活雑貨,25.29,1,1.2645,,3/23/2019,10:13,電子マネー,19.166543567468274
C,ゲスト,男性,美容・健康,41.5,4,8.3,174.3,3/12/2019,19:58,クレジットカード,10.091497089973293
C,会員,女性,食品・飲料,71.39,5,17.8475,374.7975,2/17/2019,19:57,クレジットカード,43.799024847777424
C,会員,女性,スポーツ・旅行,19.15,6,5.745,120.645,1/29/2019,10:01,クレジットカード,8.821801117237678
B,会員,女性,家電小物,57.49,4,11.498,241.458,3/15/2019,11:57,現金,22.265721466722635
C,ゲスト,男性,家電小物,61.41,7,21.4935,451.3635,1/14/2019,10:02,現金,26.05189545591608
B,会員,男性,美容・健康,25.9,10,12.95,271.95,2/6/2019,14:51,電子マネー,7.050530564514022
B,会員,男性,生活雑貨,17.77,5,4.4425,,2/15/2019,12:42,クレジットカード,11.284005745057847
A,ゲスト,女性,美容・健康,23.03,9,10.3635,217.6335,1/3/2019,12:02,電子マネー,5.288901593835779
C,会員,女性,家電小物,66.65,9,29.9925,629.8425,1/4/2019,18:19,クレジットカード,24.885962685142033
C,会員,女性,生活雑貨,28.53,10,14.265,299.565,3/18/2019,17:38,電子マネー,20.732942201665526
B,ゲスト,女性,ファッション,30.37,3,4.5555,,3/28/2019,13:41,電子マネー,9.004258102432216
B,ゲスト,女性,家電小物,99.73,9,44.8785,942.4485,3/2/2019,19:42,クレジットカード,53.79070617591196
A,ゲスト,男性,家電小物,26.23,9,11.8035,247.8735,1/25/2019,20:24,電子マネー,12.030215625419538
C,ゲスト,女性,食品・飲料,93.26,9,41.967,881.307,1/16/2019,18:08,現金,50.15644107667118
B,ゲスト,男性,生活雑貨,92.36,5,23.09,484.89,3/20/2019,19:17,電子マネー,62.24185360510778
B,ゲスト,男性,スポーツ・旅行,46.42,3,6.963,146.223,1/4/2019,13:24,クレジットカード,26.121539246608062
B,会員,女性,スポーツ・旅行,29.61,7,10.3635,217.6335,3/11/2019,15:53,現金,12.881762967552971
A,ゲスト,男性,生活雑貨,18.28,1,0.914,,3/22/2019,15:05,クレジットカード,14.03427671639459
B,ゲスト,女性,スポーツ・旅行,24.77,5,6.1925,130.0425,3/24/2019,18:27,現金,10.982720290554068
A,会員,女性,家電小物,94.64,3,14.196,298.116,2/21/2019,16:55,現金,37.77927971764887
B,ゲスト,男性,ファッション,94.87,8,37.948,796.908,2/12/2019,12:58,電子マネー,30.63175133926863
B,ゲスト,女性,食品・飲料,57.34,3,8.601,180.621,3/10/2019,18:59,クレジットカード,38.541275534237045
B,ゲスト,男性,家電小物,45.35,6,13.605,285.705,1/31/2019,13:44,電子マネー,22.099091548751083
B,ゲスト,男性,食品・飲料,62.08,7,21.728,456.288,3/6/2019,13:46,電子マネー,42.323467735772034
C,ゲスト,男性,家電小物,11.81,5,2.9525,,2/17/2019,18:06,現金,5.987460642702696
C,会員,女性,ファッション,12.54,1,0.627,,2/21/2019,12:38,現金,3.4031633303575055
A,ゲスト,男性,食品・飲料,43.25,2,4.325,,3/20/2019,15:56,現金,24.90301436512264
C,会員,女性,スポーツ・旅行,87.16,2,8.716,183.036,1/11/2019,14:29,クレジットカード,53.80508468571929
B,会員,男性,美容・健康,69.37,9,31.2165,655.5465,1/26/2019,19:14,電子マネー,19.61937750002428
C,会員,男性,家電小物,37.06,4,7.412,155.652,1/31/2019,16:24,電子マネー,15.70622507306184
B,会員,女性,家電小物,90.7,6,27.21,571.41,2/26/2019,10:52,現金,40.03918456284585
A,ゲスト,女性,生活雑貨,63.42,8,25.368,532.728,3/11/2019,12:55,電子マネー,46.91636381300412
B,ゲスト,女性,ファッション,81.37,2,8.137,170.877,1/26/2019,19:28,現金,31.897149924005372
B,会員,女性,家電小物,10.59,3,1.5885,,3/12/2019,13:52,クレジットカード,5.043633404640252
B,ゲスト,女性,美容・健康,84.09,9,37.8405,794.6505,2/11/2019,10:54,現金,17.078811900691303
B,会員,男性,ファッション,73.82,4,14.764,310.044,2/21/2019,18:31,現金,23.35614540470819
A,会員,男性,美容・健康,51.94,10,25.97,545.37,3/9/2019,18:24,電子マネー,16.863207805040005
A,ゲスト,女性,スポーツ・旅行,93.14,2,9.314,195.594,1/20/2019,18:09,電子マネー,54.72172212242314
C,ゲスト,男性,美容・健康,17.41,5,4.3525,,1/28/2019,15:16,クレジットカード,4.161008940470646
C,会員,女性,ファッション,44.22,5,11.055,232.155,3/5/2019,17:07,クレジットカード,15.260924312833923
B,会員,女性,家電小物,13.22,5,3.305,,3/2/2019,19:26,現金,5.404128229253928
A,ゲスト,男性,ファッション,89.69,1,4.4845,,1/11/2019,11:20,電子マネー,36.63168593802421
A,ゲスト,男性,食品・飲料,24.94,9,11.223,235.683,1/11/2019,16:49,クレジットカード,16.3345598316521
A,ゲスト,男性,美容・健康,59.77,2,5.977,125.517,3/11/2019,12:01,クレジットカード,15.010327756638898
C,会員,男性,ファッション,93.2,2,9.32,195.72,2/28/2019,18:37,クレジットカード,36.58951127207135
A,会員,男性,生活雑貨,62.65,4,12.53,263.13,1/5/2019,11:25,現金,45.2300944910543
B,ゲスト,男性,生活雑貨,93.87,8,37.548,788.508,2/2/2019,18:42,クレジットカード,73.62416179709142
A,会員,男性,生活雑貨,47.59,8,19.036,399.756,1/1/2019,14:47,現金,34.39074065324268
B,会員,女性,家電小物,81.4,3,12.21,256.41,2/9/2019,19:43,現金,34.08179081759759
A,会員,男性,ファッション,17.94,5,4.485,,1/23/2019,14:04,電子マネー,6.10680495167582
A,会員,男性,家電小物,77.72,4,15.544,326.424,1/7/2019,16:11,クレジットカード,33.2408880151917
B,ゲスト,男性,食品・飲料,73.06,7,25.571,536.991,1/14/2019,19:06,クレジットカード,47.59824377946244
B,会員,男性,食品・飲料,46.55,9,20.9475,439.8975,2/2/2019,15:34,電子マネー,29.274771260592537
C,会員,男性,ファッション,35.19,10,17.595,369.495,3/17/2019,19:06,クレジットカード,14.606174062890858
C,ゲスト,女性,スポーツ・旅行,14.39,2,1.439,,3/2/2019,19:44,クレジットカード,8.079215809400589
A,ゲスト,男性,生活雑貨,23.75,4,4.75,,3/16/2019,11:22,現金,17.077207514151073
A,会員,男性,生活雑貨,58.9,8,23.56,494.76,1/6/2019,11:23,現金,39.64291985664716
B,会員,男性,ファッション,32.62,4,6.524,137.004,1/29/2019,14:12,現金,7.9218471243883934
A,会員,男性,家電小物,66.35,1,3.3175,,1/31/2019,10:46,クレジットカード,30.125192667026067
A,会員,男性,生活雑貨,25.91,6,7.773,163.233,2/5/2019,10:16,電子マネー,16.419497121516187
A,会員,男性,家電小物,32.25,4,6.45,135.45,2/13/2019,12:38,電子マネー,15.066595008306628
C,会員,男性,家電小物,65.94,4,13.188,276.948,2/7/2019,13:05,クレジットカード,26.4034554235728
A,ゲスト,女性,家電小物,75.06,9,33.777,709.317,3/19/2019,13:25,電子マネー,38.78063452626844
C,ゲスト,女性,ファッション,16.45,4,3.29,,3/7/2019,14:53,電子マネー,6.2239700912076925
B,会員,女性,ファッション,38.3,4,7.66,160.86,3/13/2019,19:22,現金,12.378860410755875
A,会員,女性,スポーツ・旅行,22.24,10,11.12,233.52,2/9/2019,11:00,現金,10.85525299456388
B,ゲスト,男性,スポーツ・旅行,54.45,1,2.7225,,2/26/2019,19:24,電子マネー,29.551416141189385
A,会員,女性,スポーツ・旅行,98.4,7,34.44,723.24,3/12/2019,12:43,クレジットカード,54.48670287144231
C,ゲスト,男性,生活雑貨,35.47,4,7.094,148.974,3/14/2019,17:22,クレジットカード,25.857380621728208
B,会員,女性,食品・飲料,74.6,10,37.3,783.3,1/8/2019,20:55,現金,45.02946149615997
A,会員,男性,生活雑貨,70.74,4,14.148,297.108,1/5/2019,16:05,クレジットカード,48.50909062352307
A,会員,女性,生活雑貨,35.54,10,17.77,373.17,1/4/2019,13:34,電子マネー,24.705174042940225
B,ゲスト,女性,スポーツ・旅行,67.43,5,16.8575,354.0075,3/6/2019,18:13,電子マネー,40.4689879672646
C,会員,女性,美容・健康,21.12,2,2.112,,1/3/2019,19:17,現金,4.603118354238279
A,会員,女性,生活雑貨,21.54,9,9.693,203.553,1/7/2019,11:44,クレジットカード,15.83230340724144
A,ゲスト,女性,生活雑貨,12.03,2,1.203,,1/27/2019,15:51,現金,8.823540060915082
B,ゲスト,女性,美容・健康,99.71,6,29.913,628.173,2/26/2019,16:52,電子マネー,15.248709514759678
B,ゲスト,男性,ファッション,47.97,7,16.7895,352.5795,1/7/2019,20:52,現金,17.449491212365327
C,会員,女性,生活雑貨,21.82,10,10.91,229.11,1/7/2019,17:36,現金,16.32268660306172
C,ゲスト,女性,ファッション,95.42,4,19.084,400.764,2/2/2019,13:23,電子マネー,42.02594340595983
C,会員,男性,ファッション,70.99,10,35.495,745.395,3/20/2019,16:28,現金,21.24715433343342
A,会員,男性,スポーツ・旅行,44.02,10,22.01,462.21,3/20/2019,19:57,クレジットカード,27.294726223533917
A,ゲスト,女性,生活雑貨,69.96,8,27.984,587.664,2/15/2019,17:01,クレジットカード,56.11029570476827
C,ゲスト,男性,生活雑貨,37.0,1,1.85,,3/6/2019,13:29,クレジットカード,27.128523896306902
A,ゲスト,女性,スポーツ・旅行,15.34,1,0.767,,1/6/2019,11:09,現金,8.567169117557501
A,会員,男性,美容・健康,99.83,6,29.949,628.929,3/4/2019,15:02,電子マネー,22.403746734569868
A,会員,女性,美容・健康,47.67,4,9.534,200.214,3/12/2019,14:21,現金,16.518190068007033
B,ゲスト,男性,美容・健康,66.68,5,16.67,350.07,2/20/2019,18:01,現金,17.04788755696096
C,会員,男性,生活雑貨,74.86,1,3.743,,3/24/2019,14:49,現金,47.62193103529359
C,ゲスト,女性,スポーツ・旅行,23.75,9,10.6875,224.4375,1/31/2019,12:02,現金,12.180907367879708
B,ゲスト,女性,食品・飲料,48.51,7,16.9785,356.5485,1/25/2019,13:30,クレジットカード,31.326691105910907
A,会員,女性,生活雑貨,94.88,7,33.208,697.368,2/3/2019,14:38,現金,65.76110624122555
B,会員,男性,家電小物,40.3,10,20.15,423.15,1/24/2019,17:37,クレジットカード,16.21586302968758
C,ゲスト,男性,家電小物,27.85,7,9.7475,204.6975,3/14/2019,17:20,電子マネー,14.745440478822827
A,会員,女性,家電小物,62.48,1,3.124,,2/18/2019,20:29,現金,26.04644980419405
A,会員,女性,食品・飲料,36.36,2,3.636,,1/21/2019,10:00,現金,25.409994446511774
B,ゲスト,男性,美容・健康,18.11,10,9.055,190.155,3/13/2019,11:46,電子マネー,5.3570791141947645
C,会員,女性,家電小物,51.92,5,12.98,272.58,3/3/2019,13:42,現金,23.731105033846706
C,ゲスト,男性,家電小物,28.84,4,5.768,121.128,3/29/2019,14:44,現金,13.819298096370327
A,会員,男性,生活雑貨,78.38,6,23.514,493.794,1/10/2019,14:16,電子マネー,51.479163833104906
A,会員,男性,生活雑貨,60.01,4,12.002,252.042,1/25/2019,15:54,現金,39.76044782293534
C,会員,女性,生活雑貨,88.61,1,4.4305,,1/19/2019,10:21,現金,63.41905292632628
C,ゲスト,男性,ファッション,99.82,2,9.982,209.622,1/2/2019,18:09,クレジットカード,29.515527467545947
B,会員,男性,美容・健康,39.01,1,1.9505,,3/12/2019,16:46,クレジットカード,7.173993485578504
C,ゲスト,男性,食品・飲料,48.61,1,2.4305,,2/25/2019,15:31,現金,32.54039556911357
A,ゲスト,女性,家電小物,51.19,4,10.238,214.998,3/18/2019,17:15,クレジットカード,24.607150426341427
B,ゲスト,女性,家電小物,14.96,8,5.984,125.664,2/23/2019,12:29,現金,7.152287210268814
A,会員,男性,家電小物,72.2,7,25.27,530.67,3/26/2019,20:14,電子マネー,31.15721529003688
A,ゲスト,女性,スポーツ・旅行,40.23,7,14.0805,295.6905,3/30/2019,13:22,現金,24.56123255532642
A,会員,女性,生活雑貨,88.79,8,35.516,745.836,2/17/2019,17:09,現金,64.93317700547271
A,会員,女性,家電小物,26.48,3,3.972,,3/21/2019,10:40,電子マネー,8.79178839850699
A,ゲスト,女性,ファッション,81.91,2,8.191,172.011,3/5/2019,17:43,現金,26.734860293445077
B,会員,男性,スポーツ・旅行,79.93,6,23.979,503.559,1/31/2019,14:04,現金,46.45579044692578
C,会員,男性,ファッション,69.33,2,6.933,145.593,2/5/2019,19:05,電子マネー,19.92599865309725
A,会員,女性,食品・飲料,14.23,5,3.5575,,2/1/2019,10:08,クレジットカード,8.404269712809038
A,会員,女性,美容・健康,15.55,9,6.9975,146.9475,3/7/2019,13:12,現金,4.048292834219804
C,会員,女性,家電小物,78.13,10,39.065,820.365,2/10/2019,20:51,現金,24.852747262701694
C,会員,男性,食品・飲料,99.37,2,9.937,208.677,2/14/2019,17:29,現金,67.89793910481784
C,会員,女性,食品・飲料,21.08,3,3.162,,2/9/2019,10:25,現金,13.92345839703582
C,会員,男性,家電小物,74.79,5,18.6975,392.6475,1/10/2019,11:34,現金,44.572357422425306
C,会員,女性,美容・健康,29.67,7,10.3845,218.0745,3/11/2019,18:58,クレジットカード,7.636911728733088
C,会員,男性,美容・健康,44.07,4,8.814,185.094,2/18/2019,16:28,電子マネー,13.330421572128449
C,ゲスト,女性,食品・飲料,22.93,9,10.3185,216.6885,2/26/2019,20:26,現金,14.361872993706667
C,ゲスト,女性,美容・健康,39.42,1,1.971,,1/18/2019,15:08,現金,10.126795786153775
A,ゲスト,男性,美容・健康,15.26,6,4.578,,2/15/2019,18:03,電子マネー,3.7710198422755004
A,ゲスト,女性,ファッション,61.77,5,15.4425,324.2925,3/8/2019,13:21,現金,24.941243509275843
A,ゲスト,男性,生活雑貨,21.52,6,6.456,135.576,1/17/2019,12:48,クレジットカード,14.370719672370758
B,ゲスト,男性,スポーツ・旅行,97.74,4,19.548,410.508,3/12/2019,19:53,電子マネー,60.05402266678806
A,会員,男性,食品・飲料,99.78,5,24.945,523.845,3/9/2019,19:09,現金,66.68811615967283
C,会員,男性,食品・飲料,94.26,4,18.852,395.892,3/12/2019,16:30,現金,63.15541791390055
B,会員,男性,美容・健康,51.13,4,10.226,214.746,1/25/2019,10:11,クレジットカード,11.660457639300208
A,会員,男性,家電小物,36.36,4,7.272,152.712,3/25/2019,13:07,現金,17.459044432696835
B,ゲスト,男性,生活雑貨,22.02,9,9.909,208.089,2/7/2019,18:48,現金,16.42737964720118
A,ゲスト,男性,食品・飲料,32.9,3,4.935,103.635,2/17/2019,17:27,クレジットカード,20.88268313123176
A,ゲスト,男性,ファッション,77.02,5,19.255,404.355,2/3/2019,15:59,現金,26.503817458552366
A,会員,男性,食品・飲料,23.48,2,2.348,,3/14/2019,11:21,クレジットカード,13.159789200078889
C,会員,男性,スポーツ・旅行,14.7,5,3.675,,3/24/2019,13:48,電子マネー,9.093753645831578
A,会員,女性,家電小物,28.45,5,7.1125,149.3625,3/21/2019,10:17,クレジットカード,16.72791918793382
A,ゲスト,男性,ファッション,76.4,9,34.38,721.98,3/19/2019,15:49,電子マネー,30.29166743608328
B,ゲスト,女性,スポーツ・旅行,57.95,6,17.385,365.085,2/24/2019,13:02,現金,34.27489478657116
C,ゲスト,女性,家電小物,47.65,3,7.1475,150.0975,3/28/2019,12:58,クレジットカード,25.267231070072054
B,会員,女性,食品・飲料,42.82,9,19.269,404.649,2/5/2019,15:26,クレジットカード,25.732775331133457
B,会員,男性,家電小物,48.09,3,7.2135,151.4835,2/10/2019,18:23,クレジットカード,20.592661655275897
B,会員,女性,美容・健康,55.97,7,19.5895,411.3795,3/5/2019,19:06,電子マネー,17.649756966212834
B,会員,女性,美容・健康,76.9,7,26.915,565.215,2/15/2019,20:21,現金,16.512459509860985
C,ゲスト,女性,食品・飲料,97.03,5,24.2575,509.4075,1/30/2019,16:24,電子マネー,66.36551056708885
A,ゲスト,男性,スポーツ・旅行,44.65,3,6.6975,140.6475,2/14/2019,15:04,現金,23.16911230503104
A,ゲスト,女性,ファッション,77.93,9,35.0685,736.4385,2/27/2019,16:10,電子マネー,29.78645098410353
A,会員,男性,家電小物,71.95,1,3.5975,,2/4/2019,12:14,現金,31.85325995568375
C,会員,女性,生活雑貨,89.25,8,35.7,749.7,1/20/2019,10:13,現金,65.5753854801496
A,ゲスト,男性,家電小物,26.02,7,9.107,191.247,3/28/2019,17:38,現金,10.832029224929785
B,ゲスト,女性,美容・健康,13.5,10,6.75,141.75,2/27/2019,11:06,クレジットカード,3.2697260150347613
C,会員,女性,ファッション,99.3,10,49.65,1042.65,2/15/2019,14:53,クレジットカード,34.553396768328184
A,ゲスト,男性,家電小物,51.69,7,18.0915,379.9215,1/26/2019,18:22,現金,24.449499814436205
B,会員,女性,ファッション,54.73,7,19.1555,402.2655,3/14/2019,19:02,クレジットカード,11.70044657933336
B,会員,男性,生活雑貨,27.0,9,12.15,255.15,3/2/2019,14:16,現金,17.46397620642616
C,ゲスト,女性,家電小物,30.24,1,1.512,,3/4/2019,15:44,現金,16.574448180775455
B,会員,女性,食品・飲料,89.14,4,17.828,374.388,1/7/2019,12:20,クレジットカード,58.035791327551614
C,ゲスト,女性,ファッション,37.55,10,18.775,394.275,3/8/2019,20:01,クレジットカード,13.871474916393355
C,ゲスト,女性,スポーツ・旅行,95.44,10,47.72,1002.12,1/9/2019,13:45,現金,54.686185450190216
B,ゲスト,男性,家電小物,27.5,3,4.125,,3/1/2019,15:40,電子マネー,14.28316697745521
B,ゲスト,男性,スポーツ・旅行,74.97,1,3.7485,,3/16/2019,16:58,現金,42.831591780893845
A,会員,男性,食品・飲料,80.96,8,32.384,680.064,2/17/2019,11:12,クレジットカード,55.173204646973325
C,ゲスト,女性,食品・飲料,94.47,8,37.788,793.548,2/27/2019,15:12,現金,63.88917837400594
C,ゲスト,男性,食品・飲料,99.79,2,9.979,209.559,3/7/2019,20:37,電子マネー,67.98395477922708
A,ゲスト,男性,生活雑貨,73.22,6,21.966,461.286,1/21/2019,17:44,現金,48.75199317062456
C,ゲスト,女性,食品・飲料,41.24,4,8.248,173.208,2/19/2019,16:23,現金,25.22018944076746
C,ゲスト,女性,ファッション,81.68,4,16.336,343.056,1/6/2019,12:12,現金,34.560032218501334
C,ゲスト,女性,家電小物,51.32,9,23.094,484.974,3/14/2019,19:33,現金,21.501193006954413
A,会員,男性,生活雑貨,65.94,4,13.188,276.948,3/24/2019,10:29,現金,47.04233771282213
C,ゲスト,女性,スポーツ・旅行,14.36,10,7.18,150.78,1/27/2019,14:28,現金,7.529350414662829
A,会員,男性,家電小物,21.5,9,9.675,203.175,3/6/2019,12:46,クレジットカード,10.475127585928771
B,会員,女性,家電小物,26.26,7,9.191,193.011,2/2/2019,19:40,現金,11.291378346491367
B,ゲスト,女性,ファッション,60.96,2,6.096,128.016,1/25/2019,19:39,クレジットカード,20.16867578129611
C,ゲスト,女性,生活雑貨,70.11,6,21.033,441.693,3/14/2019,17:54,電子マネー,50.620358441913055
C,ゲスト,男性,ファッション,42.08,6,12.624,265.104,1/29/2019,12:25,現金,16.654087855285397
A,ゲスト,女性,生活雑貨,67.09,5,16.7725,352.2225,1/3/2019,16:47,クレジットカード,46.78439216142218
A,会員,女性,ファッション,96.7,5,24.175,507.675,1/14/2019,12:52,電子マネー,30.26823757200214
B,会員,女性,生活雑貨,35.38,9,15.921,334.341,1/5/2019,19:50,クレジットカード,23.15190232672738
C,ゲスト,男性,スポーツ・旅行,95.49,7,33.4215,701.8515,2/22/2019,18:17,電子マネー,55.335711865243724
C,会員,男性,ファッション,96.98,4,19.396,407.316,2/6/2019,17:20,電子マネー,43.72102406626025
B,ゲスト,女性,家電小物,23.65,4,4.73,,1/30/2019,13:32,クレジットカード,12.041973808569296
A,会員,男性,スポーツ・旅行,82.33,4,16.466,345.786,1/11/2019,10:37,クレジットカード,47.064595136958815
C,ゲスト,女性,家電小物,26.61,2,2.661,,3/19/2019,14:35,現金,14.722515688429121
B,ゲスト,女性,食品・飲料,99.69,5,24.9225,523.3725,1/14/2019,12:09,現金,62.34998842557237
C,会員,女性,食品・飲料,74.89,4,14.978,314.538,3/1/2019,15:32,電子マネー,49.138886873047824
A,ゲスト,女性,食品・飲料,40.94,5,10.235,214.935,1/6/2019,13:58,電子マネー,29.790542918392095
B,会員,男性,スポーツ・旅行,75.82,1,3.791,,1/31/2019,13:19,現金,45.047920182950506
C,ゲスト,男性,食品・飲料,46.77,6,14.031,294.651,3/11/2019,13:37,現金,31.28451609522783
A,ゲスト,女性,美容・健康,32.32,10,16.16,339.36,2/20/2019,16:49,クレジットカード,7.499035180287906
C,会員,女性,ファッション,54.07,9,24.3315,510.9615,1/27/2019,14:55,電子マネー,20.882090019964966
B,ゲスト,男性,食品・飲料,18.22,7,6.377,133.917,3/10/2019,14:04,クレジットカード,12.164065233624239
C,会員,女性,ファッション,80.48,3,12.072,253.512,2/15/2019,12:31,現金,23.60000414240844
B,ゲスト,女性,ファッション,37.95,10,18.975,398.475,1/26/2019,14:51,現金,12.72457627161673
A,会員,男性,家電小物,76.82,1,3.841,,2/13/2019,18:27,電子マネー,39.91548978817362
A,会員,女性,スポーツ・旅行,52.26,10,26.13,548.73,3/9/2019,12:45,クレジットカード,24.9186636462105
A,ゲスト,女性,美容・健康,79.74,1,3.987,,3/6/2019,10:36,電子マネー,13.396540143662433
A,ゲスト,女性,美容・健康,77.5,5,19.375,406.875,1/24/2019,20:36,電子マネー,19.266774118707428
A,ゲスト,女性,食品・飲料,54.27,5,13.5675,284.9175,3/13/2019,14:16,電子マネー,35.81438872981959
B,ゲスト,男性,生活雑貨,13.59,9,6.1155,128.4255,3/15/2019,10:26,現金,10.10180936832205
B,会員,女性,美容・健康,41.06,6,12.318,258.678,3/5/2019,13:30,クレジットカード,8.05488721378431
B,会員,男性,家電小物,19.24,9,8.658,181.818,3/4/2019,16:28,現金,8.892597583292014
C,ゲスト,女性,食品・飲料,39.43,6,11.829,248.409,3/25/2019,20:18,クレジットカード,24.77751120791439
C,ゲスト,男性,生活雑貨,46.22,4,9.244,194.124,3/12/2019,20:04,クレジットカード,33.19391869669455
C,会員,男性,生活雑貨,13.98,1,0.699,,2/4/2019,13:38,電子マネー,11.029176724605017
B,ゲスト,女性,ファッション,39.75,5,9.9375,208.6875,2/22/2019,10:43,電子マネー,11.55254623382093
C,会員,女性,ファッション,97.79,7,34.2265,718.7565,2/16/2019,17:30,電子マネー,42.93513300206822
A,会員,男性,スポーツ・旅行,67.26,4,13.452,282.492,1/19/2019,15:28,クレジットカード,33.5060199462451
A,ゲスト,男性,食品・飲料,13.79,5,3.4475,,1/11/2019,19:07,クレジットカード,8.67188623149662
B,会員,女性,ファッション,68.71,4,13.742,288.582,1/4/2019,19:01,現金,28.835047875099903
A,ゲスト,女性,生活雑貨,56.53,4,11.306,237.426,3/4/2019,19:48,電子マネー,42.28632300797592
C,ゲスト,女性,ファッション,23.82,5,5.955,125.055,1/28/2019,19:24,電子マネー,9.08017989340165
B,ゲスト,女性,美容・健康,34.21,10,17.105,359.205,1/2/2019,13:00,現金,7.791260698558934
B,ゲスト,男性,スポーツ・旅行,21.87,2,2.187,,1/25/2019,14:29,電子マネー,13.87149909804704
A,会員,男性,美容・健康,20.97,5,5.2425,110.0925,1/4/2019,13:21,現金,4.644836187666682
A,ゲスト,男性,スポーツ・旅行,25.84,3,3.876,,3/10/2019,18:55,電子マネー,15.960591368778728
A,ゲスト,男性,生活雑貨,50.93,8,20.372,427.812,3/22/2019,19:36,電子マネー,40.011675797010916
B,ゲスト,男性,美容・健康,96.11,1,4.8055,100.9155,1/25/2019,16:28,電子マネー,17.513751180116774
C,ゲスト,女性,生活雑貨,45.38,4,9.076,190.596,1/8/2019,13:48,クレジットカード,29.170504244940176
C,会員,女性,美容・健康,81.51,1,4.0755,,1/22/2019,10:57,電子マネー,20.28479268902503
B,ゲスト,女性,美容・健康,57.22,2,5.722,120.162,1/12/2019,17:13,電子マネー,14.96771562508817
A,会員,女性,家電小物,25.22,7,8.827,185.367,2/4/2019,10:23,現金,11.918958152399773
C,会員,女性,食品・飲料,38.6,3,5.79,121.59,3/28/2019,13:57,電子マネー,25.147444680070144
C,ゲスト,女性,家電小物,84.05,3,12.6075,264.7575,1/23/2019,13:29,現金,39.79694285435272
C,会員,女性,ファッション,97.21,10,48.605,1020.705,2/8/2019,13:00,クレジットカード,26.647278772535692
B,会員,男性,ファッション,25.42,8,10.168,213.528,3/19/2019,19:42,クレジットカード,8.845818021517541
C,ゲスト,男性,ファッション,16.28,1,0.814,,3/9/2019,15:36,現金,4.449126213388907
B,会員,男性,ファッション,40.61,9,18.2745,383.7645,1/2/2019,13:40,現金,15.893466958591649
A,会員,男性,美容・健康,53.17,7,18.6095,390.7995,1/21/2019,18:01,現金,9.209031854622962
B,会員,女性,食品・飲料,20.87,3,3.1305,,3/20/2019,13:53,クレジットカード,13.246899810969232
B,ゲスト,男性,スポーツ・旅行,67.27,5,16.8175,353.1675,2/27/2019,17:27,現金,36.568596645394386
A,会員,女性,生活雑貨,90.65,10,45.325,951.825,3/8/2019,10:53,電子マネー,57.45519620605469
B,ゲスト,男性,ファッション,69.08,2,6.908,145.068,1/31/2019,19:48,クレジットカード,24.71241510410424
C,ゲスト,男性,食品・飲料,43.27,2,4.327,,3/8/2019,16:53,電子マネー,28.3795686400372
A,ゲスト,女性,家電小物,23.46,6,7.038,147.798,1/13/2019,19:14,電子マネー,12.730675641936998
B,ゲスト,男性,ファッション,95.54,7,33.439,702.219,3/9/2019,14:36,クレジットカード,39.50775193225588
B,ゲスト,女性,ファッション,47.44,1,2.372,,2/22/2019,18:19,クレジットカード,15.055867726153776
C,ゲスト,男性,スポーツ・旅行,99.24,9,44.658,937.818,3/19/2019,19:09,電子マネー,54.20376229922537
C,会員,男性,スポーツ・旅行,82.93,4,16.586,348.306,1/20/2019,16:51,電子マネー,47.695575372193645
A,ゲスト,男性,生活雑貨,33.99,6,10.197,214.137,3/8/2019,15:37,クレジットカード,22.01982370271638
C,会員,男性,食品・飲料,17.04,4,3.408,,3/8/2019,20:15,電子マネー,11.546518973399905
C,ゲスト,女性,家電小物,40.86,8,16.344,343.224,2/7/2019,14:38,クレジットカード,21.437950102797412
C,会員,男性,食品・飲料,17.44,5,4.36,,1/15/2019,19:25,現金,12.361556022556417
B,会員,女性,スポーツ・旅行,88.43,8,35.372,742.812,3/22/2019,19:35,クレジットカード,51.98110086381989
A,会員,女性,生活雑貨,89.21,9,40.1445,843.0345,1/15/2019,15:42,クレジットカード,62.89595213490253
C,ゲスト,男性,ファッション,12.78,1,0.639,,1/8/2019,14:11,電子マネー,3.861930612826559
A,ゲスト,女性,スポーツ・旅行,19.1,7,6.685,140.385,1/15/2019,10:43,現金,11.62485618939008
B,会員,女性,美容・健康,19.15,1,0.9575,,1/28/2019,17:58,クレジットカード,3.3032212120813416
C,会員,男性,食品・飲料,27.66,10,13.83,290.43,2/14/2019,11:26,クレジットカード,19.08929198124632
C,ゲスト,男性,ファッション,45.74,3,6.861,144.081,3/10/2019,17:38,クレジットカード,17.327626958288366
B,会員,女性,美容・健康,27.07,1,1.3535,,1/12/2019,20:07,クレジットカード,5.458087080950027
B,会員,女性,スポーツ・旅行,39.12,1,1.956,,3/26/2019,11:02,クレジットカード,19.301166787029583
B,ゲスト,女性,家電小物,74.71,6,22.413,470.673,1/1/2019,19:07,現金,27.095581429211496
B,ゲスト,男性,家電小物,22.01,6,6.603,138.663,1/2/2019,18:50,現金,8.538003119495478
A,ゲスト,女性,食品・飲料,63.61,5,15.9025,333.9525,3/16/2019,12:43,電子マネー,42.603966747640136
A,ゲスト,男性,美容・健康,25.0,1,1.25,,3/3/2019,15:09,電子マネー,6.934747087515753
A,会員,男性,家電小物,20.77,4,4.154,,1/31/2019,13:47,現金,9.760639361080703
B,会員,女性,ファッション,29.56,5,7.39,155.19,2/13/2019,16:59,現金,10.448620427359963
B,会員,女性,食品・飲料,77.4,9,34.83,731.43,2/15/2019,14:15,クレジットカード,51.06135684023826
B,ゲスト,男性,家電小物,79.39,10,39.695,833.595,2/7/2019,20:24,現金,38.63117053068492
C,会員,女性,家電小物,46.57,10,23.285,488.985,1/27/2019,13:58,現金,24.404392909497417
C,ゲスト,男性,食品・飲料,35.89,1,1.7945,,2/23/2019,16:52,クレジットカード,23.897284627382447
C,ゲスト,男性,食品・飲料,40.52,5,10.13,212.73,2/3/2019,15:19,現金,23.902930235271505
B,会員,女性,食品・飲料,73.05,10,36.525,767.025,3/3/2019,12:25,クレジットカード,46.559235548662286
C,ゲスト,女性,スポーツ・旅行,73.95,4,14.79,310.59,2/3/2019,10:02,現金,43.125393054443975
C,会員,女性,食品・飲料,22.62,1,1.131,,3/17/2019,18:58,現金,14.140995606180674
A,会員,男性,食品・飲料,51.34,5,12.835,269.535,3/28/2019,15:31,クレジットカード,36.25251036059405
C,会員,女性,スポーツ・旅行,54.55,10,27.275,572.775,3/2/2019,11:22,クレジットカード,27.4121166816203
C,会員,女性,美容・健康,37.15,7,13.0025,273.0525,2/8/2019,13:12,クレジットカード,8.274099742646067
B,ゲスト,男性,スポーツ・旅行,37.02,6,11.106,233.226,3/22/2019,18:33,現金,18.737703125385384
C,ゲスト,男性,食品・飲料,21.58,1,1.079,,2/9/2019,10:02,電子マネー,14.651980032617551
C,会員,女性,家電小物,98.84,1,4.942,103.782,2/15/2019,11:21,現金,41.969043932417144
C,会員,女性,生活雑貨,83.77,6,25.131,527.751,1/23/2019,12:10,電子マネー,60.68921519624202
A,会員,女性,スポーツ・旅行,40.05,4,8.01,168.21,1/25/2019,11:40,現金,24.471090730462166
A,会員,男性,ファッション,43.13,10,21.565,452.865,2/2/2019,18:31,クレジットカード,17.117129289374404
B,会員,男性,美容・健康,72.57,8,29.028,609.588,3/30/2019,17:58,現金,13.107354589612596
A,会員,女性,家電小物,64.44,5,16.11,338.31,3/30/2019,17:04,現金,31.340868029192514
A,ゲスト,男性,美容・健康,65.18,3,9.777,205.317,2/25/2019,20:35,クレジットカード,14.348586210275947
A,ゲスト,女性,スポーツ・旅行,33.26,5,8.315,174.615,3/18/2019,16:10,クレジットカード,16.212956903005953
C,ゲスト,男性,家電小物,84.07,4,16.814,353.094,3/7/2019,16:54,電子マネー,38.94391508271112
B,ゲスト,男性,スポーツ・旅行,34.37,10,17.185,360.885,3/16/2019,10:11,電子マネー,18.1960688678957
A,ゲスト,男性,家電小物,38.6,1,1.93,,1/29/2019,11:26,電子マネー,18.14248563005695
C,ゲスト,男性,食品・飲料,65.97,8,26.388,554.148,2/2/2019,20:29,現金,40.43004469397368
C,ゲスト,女性,家電小物,32.8,10,16.4,344.4,2/15/2019,12:12,現金,16.9912790323722
A,ゲスト,男性,スポーツ・旅行,37.14,5,9.285,194.985,1/8/2019,13:05,電子マネー,21.527318978410513
B,会員,男性,生活雑貨,60.38,10,30.19,633.99,2/12/2019,16:19,現金,41.029264721146085
C,会員,女性,スポーツ・旅行,36.98,10,18.49,388.29,1/1/2019,19:48,クレジットカード,21.136181902366157
B,会員,女性,スポーツ・旅行,49.49,4,9.898,207.858,3/21/2019,15:25,電子マネー,24.418716748180266
B,ゲスト,女性,ファッション,41.09,10,20.545,431.445,2/28/2019,14:42,現金,13.285357606197378
A,ゲスト,男性,ファッション,37.15,4,7.43,156.03,3/23/2019,18:59,電子マネー,11.32142117523074
C,ゲスト,男性,生活雑貨,22.96,1,1.148,,1/30/2019,20:47,現金,15.758163059145563
B,会員,女性,生活雑貨,77.68,9,34.956,734.076,2/4/2019,13:21,電子マネー,53.71532231640166
B,ゲスト,女性,ファッション,34.7,2,3.47,,3/13/2019,19:48,電子マネー,11.884972249072261
A,会員,女性,ファッション,19.66,10,9.83,206.43,3/15/2019,18:20,クレジットカード,7.9597417223008575
B,会員,女性,美容・健康,25.32,8,10.128,212.688,3/5/2019,20:24,電子マネー,6.350944222239451
C,会員,女性,生活雑貨,12.12,10,6.06,127.26,3/5/2019,13:44,クレジットカード,7.954434446945739
B,ゲスト,男性,ファッション,99.89,2,9.989,209.769,2/26/2019,11:48,電子マネー,27.967556381627414
B,ゲスト,男性,スポーツ・旅行,75.92,8,30.368,637.728,3/20/2019,14:14,現金,40.52901669592695
C,ゲスト,女性,家電小物,63.22,2,6.322,132.762,1/1/2019,15:51,現金,34.8339613601427
C,ゲスト,女性,食品・飲料,90.24,6,27.072,568.512,1/27/2019,11:17,現金,56.66283992754919
B,会員,女性,スポーツ・旅行,98.13,1,4.9065,103.0365,1/21/2019,17:36,現金,49.749883067006884
A,会員,女性,スポーツ・旅行,51.52,8,20.608,432.768,2/2/2019,15:47,現金,27.618954622689373
B,会員,男性,スポーツ・旅行,73.97,1,3.6985,,2/3/2019,15:53,クレジットカード,46.086313413954656
C,会員,女性,ファッション,31.9,1,1.595,,1/5/2019,12:40,電子マネー,11.257033003720796
C,ゲスト,男性,生活雑貨,69.4,2,6.94,145.74,1/27/2019,19:48,電子マネー,53.20099140914814
B,ゲスト,女性,スポーツ・旅行,93.31,2,9.331,195.951,3/25/2019,17:53,現金,52.119662302010944
B,ゲスト,男性,スポーツ・旅行,88.45,1,4.4225,,2/25/2019,16:36,クレジットカード,49.86229219955776
A,会員,男性,家電小物,24.18,8,9.672,203.112,1/28/2019,20:54,電子マネー,11.29920001869689
B,会員,女性,スポーツ・旅行,48.5,3,7.275,152.775,1/8/2019,12:50,現金,31.76461018483146
B,ゲスト,女性,食品・飲料,84.05,6,25.215,529.515,1/29/2019,10:48,クレジットカード,61.377326382281936
B,会員,男性,美容・健康,61.29,5,15.3225,321.7725,3/29/2019,14:28,現金,13.309655850096899
C,会員,女性,生活雑貨,15.95,6,4.785,100.485,2/9/2019,17:15,クレジットカード,10.397881679650647
B,会員,女性,スポーツ・旅行,90.74,7,31.759,666.939,1/16/2019,18:03,クレジットカード,47.61602751974124
A,ゲスト,女性,生活雑貨,42.91,5,10.7275,225.2775,1/5/2019,17:29,電子マネー,30.442511902192862
A,ゲスト,女性,ファッション,54.28,7,18.998,398.958,1/27/2019,18:05,電子マネー,19.967093002673195
A,ゲスト,男性,家電小物,99.55,7,34.8425,731.6925,3/14/2019,12:07,現金,45.50853230945108
C,会員,男性,スポーツ・旅行,58.39,7,20.4365,429.1665,2/23/2019,19:49,クレジットカード,32.350633097787146
C,会員,女性,ファッション,51.47,1,2.5735,,3/18/2019,15:52,電子マネー,19.506169426236124
B,会員,男性,美容・健康,54.86,5,13.715,288.015,3/29/2019,16:48,電子マネー,17.590472669975032
C,会員,男性,生活雑貨,39.39,5,9.8475,206.7975,1/22/2019,20:46,クレジットカード,31.044444485232752
A,ゲスト,男性,生活雑貨,34.73,2,3.473,,3/1/2019,18:14,電子マネー,24.609630058770914
C,会員,男性,スポーツ・旅行,71.92,5,17.98,377.58,1/17/2019,15:05,クレジットカード,38.73815335382504
B,ゲスト,女性,家電小物,45.71,3,6.8565,143.9865,3/26/2019,10:34,クレジットカード,22.284291640173407
C,会員,女性,生活雑貨,83.17,6,24.951,523.971,3/20/2019,11:23,現金,59.000472200587986
A,会員,女性,生活雑貨,37.44,6,11.232,235.872,2/6/2019,13:55,クレジットカード,27.745970889711657
C,ゲスト,男性,美容・健康,62.87,2,6.287,132.027,1/1/2019,11:43,現金,15.464338303631582
A,ゲスト,男性,食品・飲料,81.71,6,24.513,514.773,1/27/2019,14:36,クレジットカード,50.356615559762254
A,会員,女性,スポーツ・旅行,91.41,5,22.8525,479.9025,2/25/2019,16:03,電子マネー,47.76791032447634
B,ゲスト,男性,ファッション,39.21,4,7.842,164.682,1/16/2019,20:03,クレジットカード,14.253929710997697
B,会員,男性,ファッション,59.86,2,5.986,125.706,1/13/2019,14:55,電子マネー,27.46489070704819
B,会員,女性,食品・飲料,54.36,10,27.18,570.78,2/7/2019,11:28,クレジットカード,40.18573842046602
A,ゲスト,男性,スポーツ・旅行,98.09,9,44.1405,926.9505,2/17/2019,19:41,現金,49.03919716366167
A,ゲスト,男性,美容・健康,25.43,6,7.629,160.209,2/12/2019,19:01,電子マネー,7.267546341916296
A,会員,男性,ファッション,86.68,8,34.672,728.112,1/24/2019,18:04,クレジットカード,25.275963797083225
B,ゲスト,男性,家電小物,22.95,10,11.475,240.975,2/6/2019,19:20,電子マネー,11.678338896499959
C,ゲスト,女性,食品・飲料,16.31,9,7.3395,154.1295,3/26/2019,10:31,電子マネー,10.72420282475639
A,ゲスト,女性,生活雑貨,28.32,5,7.08,148.68,3/11/2019,13:28,電子マネー,20.393312561785137
C,ゲスト,男性,生活雑貨,16.67,7,5.8345,122.5245,2/7/2019,11:36,電子マネー,11.722283158061929
B,会員,女性,ファッション,73.96,1,3.698,,1/5/2019,11:32,クレジットカード,27.896569223515172
A,ゲスト,男性,生活雑貨,97.94,1,4.897,102.837,3/7/2019,11:44,電子マネー,76.4007756465893
A,ゲスト,女性,ファッション,73.05,4,14.61,306.81,2/25/2019,17:16,クレジットカード,30.420658342308844
C,会員,女性,食品・飲料,87.48,6,26.244,551.124,2/1/2019,18:43,電子マネー,58.26538482490068
A,ゲスト,男性,生活雑貨,30.68,3,4.602,,1/22/2019,11:00,電子マネー,21.174707948322112
C,会員,男性,美容・健康,75.88,1,3.794,,1/3/2019,10:30,クレジットカード,15.152801949807499
B,会員,女性,スポーツ・旅行,20.18,4,4.036,,2/13/2019,12:14,クレジットカード,10.212368279144563
C,会員,男性,家電小物,18.77,6,5.631,118.251,1/28/2019,16:43,クレジットカード,8.794603462571597
B,ゲスト,女性,食品・飲料,71.2,1,3.56,,1/5/2019,20:40,クレジットカード,47.22233123445241
B,会員,男性,生活雑貨,38.81,4,7.762,163.002,3/19/2019,13:40,電子マネー,23.209540564521944
A,ゲスト,女性,ファッション,29.42,10,14.71,308.91,1/12/2019,16:23,電子マネー,9.889782091174126
A,ゲスト,男性,スポーツ・旅行,60.95,9,27.4275,575.9775,1/7/2019,12:08,クレジットカード,34.08824374060546
B,ゲスト,女性,スポーツ・旅行,51.54,5,12.885,270.585,1/26/2019,17:45,現金,28.151426014109184
A,ゲスト,女性,家電小物,66.06,6,19.818,416.178,1/23/2019,10:28,現金,29.05980313418631
B,ゲスト,男性,ファッション,57.27,3,8.5905,180.4005,2/9/2019,20:31,電子マネー,18.866604591330955
B,ゲスト,女性,ファッション,54.31,9,24.4395,513.2295,2/22/2019,10:49,現金,19.056901187492162
B,ゲスト,女性,美容・健康,58.24,9,26.208,550.368,2/5/2019,12:34,現金,13.004409230364987
C,ゲスト,男性,家電小物,22.21,6,6.663,139.923,3/7/2019,10:23,クレジットカード,9.13813168169776
A,会員,男性,家電小物,19.32,7,6.762,142.002,3/25/2019,18:51,現金,8.860620464014694
B,ゲスト,男性,生活雑貨,37.48,3,5.622,118.062,1/20/2019,13:45,クレジットカード,27.649282162060807
B,会員,女性,ファッション,72.04,2,7.204,151.284,2/4/2019,19:38,現金,25.013048207433048
C,会員,女性,食品・飲料,98.52,10,49.26,1034.46,1/30/2019,20:23,電子マネー,63.83884341735441
A,会員,男性,食品・飲料,41.66,6,12.498,262.458,1/2/2019,15:24,電子マネー,31.140801012348327
A,会員,女性,生活雑貨,72.42,3,10.863,228.123,3/29/2019,16:54,電子マネー,47.81688137323689
B,ゲスト,男性,家電小物,21.58,9,9.711,203.931,3/14/2019,12:32,現金,10.197544033077683
C,ゲスト,男性,食品・飲料,89.2,10,44.6,936.6,2/11/2019,15:42,クレジットカード,53.17598175435349
B,ゲスト,女性,家電小物,42.42,8,16.968,356.328,1/30/2019,13:58,電子マネー,20.633208104152537
A,会員,男性,家電小物,74.51,6,22.353,469.413,3/20/2019,15:08,電子マネー,26.473875967060437
B,ゲスト,男性,ファッション,99.25,2,9.925,208.425,3/20/2019,13:02,現金,39.50873279037382
A,ゲスト,女性,食品・飲料,81.21,10,40.605,852.705,1/17/2019,13:01,クレジットカード,49.44475267128657
C,ゲスト,女性,スポーツ・旅行,49.33,10,24.665,517.965,2/3/2019,16:40,クレジットカード,23.82593348901764
A,ゲスト,女性,ファッション,65.74,9,29.583,621.243,1/1/2019,13:55,現金,21.806147320723763
B,ゲスト,女性,ファッション,79.86,7,27.951,586.971,1/10/2019,10:33,クレジットカード,37.44009192478649
C,ゲスト,女性,スポーツ・旅行,73.98,7,25.893,543.753,3/2/2019,16:42,電子マネー,44.261538388748384
B,会員,女性,生活雑貨,82.04,5,20.51,430.71,2/25/2019,17:16,クレジットカード,58.0177117741852
B,会員,男性,スポーツ・旅行,26.67,10,13.335,280.035,1/29/2019,11:48,現金,13.74227849888666
A,会員,男性,食品・飲料,10.13,7,3.5455,,3/10/2019,19:35,電子マネー,6.794882509287949
B,ゲスト,男性,食品・飲料,72.39,2,7.239,152.019,1/13/2019,19:55,クレジットカード,50.65089166957783
A,ゲスト,男性,スポーツ・旅行,85.91,5,21.4775,451.0275,3/22/2019,14:33,クレジットカード,45.33080692579156
B,会員,男性,ファッション,81.31,7,28.4585,597.6285,3/1/2019,19:49,電子マネー,25.35368422087834
B,ゲスト,男性,食品・飲料,60.3,4,12.06,253.26,2/20/2019,18:43,現金,39.8986077631577
C,ゲスト,男性,食品・飲料,31.77,4,6.354,133.434,1/14/2019,14:43,電子マネー,21.14435310014509
A,ゲスト,女性,美容・健康,64.27,4,12.854,269.934,3/26/2019,13:54,現金,14.337385266470472
B,ゲスト,男性,美容・健康,69.51,2,6.951,145.971,3/1/2019,12:15,電子マネー,17.35987267965646
C,ゲスト,男性,食品・飲料,27.22,3,4.083,,1/7/2019,12:37,現金,18.634673912474728
A,会員,女性,美容・健康,77.68,4,15.536,326.256,2/1/2019,19:54,現金,13.39202085689218
C,会員,女性,ファッション,92.98,2,9.298,195.258,2/13/2019,15:06,クレジットカード,35.52394206224011
B,会員,女性,ファッション,18.08,4,3.616,,1/14/2019,18:03,クレジットカード,6.541707694094732
B,ゲスト,男性,スポーツ・旅行,63.06,3,9.459,198.639,1/19/2019,15:58,電子マネー,32.01293634101137
A,ゲスト,男性,美容・健康,51.71,4,10.342,217.182,3/9/2019,13:53,クレジットカード,13.744200394387954
A,ゲスト,女性,食品・飲料,52.34,3,7.851,164.871,3/27/2019,14:03,現金,32.90916020060352
A,ゲスト,女性,スポーツ・旅行,43.06,5,10.765,226.065,2/4/2019,16:38,電子マネー,22.26561403424316
C,ゲスト,男性,ファッション,59.61,10,29.805,625.905,3/14/2019,11:07,現金,21.601941216013234
A,ゲスト,男性,美容・健康,14.62,5,3.655,,3/4/2019,12:23,現金,5.090144914465525
C,会員,男性,美容・健康,46.53,6,13.959,293.139,3/3/2019,10:54,クレジットカード,7.995805787340597
C,会員,女性,生活雑貨,24.24,7,8.484,178.164,1/27/2019,17:38,電子マネー,18.240472252633847
A,会員,女性,スポーツ・旅行,45.58,1,2.279,,2/7/2019,14:13,現金,23.19462050891179
A,会員,女性,スポーツ・旅行,75.2,3,11.28,236.88,2/5/2019,11:51,電子マネー,46.73901084384708
B,会員,男性,スポーツ・旅行,96.8,3,14.52,304.92,3/15/2019,13:05,現金,65.07601675547798
B,ゲスト,男性,美容・健康,14.82,3,2.223,,3/1/2019,11:30,クレジットカード,4.980233712437674
A,ゲスト,男性,食品・飲料,52.2,3,7.83,164.43,2/15/2019,13:30,クレジットカード,34.77907125182115
C,ゲスト,女性,スポーツ・旅行,46.66,9,20.997,440.937,2/17/2019,19:11,電子マネー,25.1195833910394
C,ゲスト,女性,ファッション,36.85,5,9.2125,193.4625,1/26/2019,18:53,現金,9.620926099067427
A,会員,女性,生活雑貨,70.32,2,7.032,147.672,3/24/2019,14:22,電子マネー,42.429979711716605
C,ゲスト,男性,家電小物,83.08,1,4.154,,1/23/2019,17:16,電子マネー,39.44689720383071
C,ゲスト,女性,ファッション,64.99,1,3.2495,,1/26/2019,10:06,クレジットカード,23.538850150984796
C,ゲスト,男性,食品・飲料,77.56,10,38.78,814.38,3/14/2019,20:35,電子マネー,55.4973748111991
B,ゲスト,女性,スポーツ・旅行,54.51,6,16.353,343.413,3/17/2019,13:54,電子マネー,29.54411206340186
C,会員,女性,ファッション,51.89,7,18.1615,381.3915,1/8/2019,20:08,現金,14.72409145415114
B,ゲスト,男性,生活雑貨,31.75,4,6.35,133.35,2/8/2019,15:26,現金,23.78036027373122
A,会員,女性,ファッション,53.65,7,18.7775,394.3275,2/10/2019,12:56,電子マネー,14.25458139675367
C,会員,女性,食品・飲料,49.79,4,9.958,209.118,3/28/2019,19:16,クレジットカード,31.906309604815053
A,ゲスト,男性,ファッション,30.61,1,1.5305,,1/23/2019,12:20,電子マネー,11.652094248497246
B,会員,男性,食品・飲料,57.89,2,5.789,121.569,1/17/2019,10:37,電子マネー,36.65365528074576
A,ゲスト,女性,家電小物,28.96,1,1.448,,2/7/2019,10:18,クレジットカード,12.77300073183811
C,会員,女性,食品・飲料,98.97,9,44.5365,935.2665,3/9/2019,11:23,現金,63.143667667894626
B,会員,男性,ファッション,93.22,3,13.983,293.643,1/24/2019,11:45,現金,32.40249494016688
C,会員,男性,スポーツ・旅行,80.93,1,4.0465,,1/19/2019,16:08,クレジットカード,44.245548981461255
A,会員,男性,食品・飲料,67.45,10,33.725,708.225,2/3/2019,11:25,電子マネー,42.13562604236556
A,会員,女性,スポーツ・旅行,38.72,9,17.424,365.904,3/20/2019,12:24,電子マネー,19.8203255444497
B,会員,男性,スポーツ・旅行,72.6,6,21.78,457.38,1/13/2019,19:51,現金,44.748581467646424
C,会員,男性,家電小物,87.91,5,21.9775,461.5275,3/14/2019,18:10,電子マネー,34.68543400532297
A,会員,男性,食品・飲料,98.53,6,29.559,620.739,1/23/2019,11:22,クレジットカード,66.67534656154028
C,会員,女性,ファッション,43.46,6,13.038,273.798,2/7/2019,17:55,電子マネー,16.665044880547878
A,ゲスト,女性,食品・飲料,71.68,3,10.752,225.792,3/28/2019,15:30,クレジットカード,53.771538205332085
A,会員,女性,食品・飲料,91.61,1,4.5805,,3/20/2019,19:44,現金,62.52374163264563
B,会員,女性,生活雑貨,94.59,7,33.1065,695.2365,1/17/2019,15:27,クレジットカード,68.0996536845684
B,ゲスト,女性,ファッション,83.25,10,41.625,874.125,1/12/2019,11:25,クレジットカード,27.561364744803008
B,会員,男性,ファッション,91.35,1,4.5675,,2/16/2019,15:42,現金,36.564073930341266
B,会員,女性,食品・飲料,78.88,2,7.888,165.648,1/26/2019,16:04,現金,52.70904672744099
A,ゲスト,男性,スポーツ・旅行,60.87,2,6.087,127.827,3/9/2019,12:37,電子マネー,33.134574925510854
B,会員,男性,美容・健康,82.58,10,41.29,867.09,3/14/2019,14:41,現金,21.462174530764365
A,会員,男性,生活雑貨,53.3,3,7.995,167.895,1/25/2019,14:19,電子マネー,36.35725373655906
A,ゲスト,女性,ファッション,12.09,1,0.6045,,1/26/2019,18:19,クレジットカード,3.3080361690435844
A,ゲスト,男性,スポーツ・旅行,64.19,10,32.095,673.995,1/19/2019,14:08,クレジットカード,37.0809420890984
A,ゲスト,男性,家電小物,78.31,3,11.7465,246.6765,3/5/2019,16:38,電子マネー,34.417793588067745
A,会員,男性,食品・飲料,83.77,2,8.377,175.917,1/15/2019,10:54,クレジットカード,55.50560687752767
B,ゲスト,男性,生活雑貨,99.7,3,14.955,314.055,3/18/2019,11:29,電子マネー,70.11471176476887
B,会員,男性,食品・飲料,79.91,3,11.9865,251.7165,3/20/2019,19:28,クレジットカード,48.453515383746584
B,会員,男性,美容・健康,66.47,10,33.235,697.935,1/15/2019,15:01,クレジットカード,21.151384245449826
A,ゲスト,男性,美容・健康,28.95,7,10.1325,212.7825,3/3/2019,20:31,クレジットカード,6.387903576155722
C,ゲスト,女性,家電小物,46.2,1,2.31,,3/19/2019,12:16,現金,20.66969269682041
B,会員,女性,食品・飲料,17.63,5,4.4075,,3/8/2019,15:27,現金,11.639729362457366
B,ゲスト,男性,ファッション,52.42,3,7.863,165.123,2/27/2019,17:36,電子マネー,16.21132844563186
B,会員,女性,食品・飲料,98.79,3,14.8185,311.1885,2/23/2019,20:00,電子マネー,72.32582777891692
C,会員,女性,家電小物,88.55,8,35.42,743.82,3/19/2019,15:29,電子マネー,43.62093336848341
B,会員,男性,家電小物,55.67,2,5.567,116.907,3/27/2019,15:08,電子マネー,27.970408335120624
C,会員,女性,食品・飲料,72.52,8,29.008,609.168,3/30/2019,19:26,クレジットカード,47.61091471034394
C,会員,男性,家電小物,12.05,5,3.0125,,2/16/2019,15:53,電子マネー,5.105764654740132
A,会員,男性,生活雑貨,19.36,9,8.712,182.952,1/18/2019,18:43,電子マネー,14.16760163421113
C,ゲスト,男性,美容・健康,70.21,6,21.063,442.323,3/30/2019,14:58,現金,18.962379601790964
B,会員,男性,ファッション,33.63,1,1.6815,,3/20/2019,19:55,現金,10.839572619836769
C,会員,女性,スポーツ・旅行,15.49,2,1.549,,1/16/2019,15:10,現金,7.327949556573437
C,ゲスト,男性,家電小物,24.74,10,12.37,259.77,2/24/2019,16:44,現金,11.561674512223817
B,ゲスト,男性,家電小物,75.66,5,18.915,397.215,1/15/2019,18:22,電子マネー,37.24652247958653
B,ゲスト,女性,美容・健康,55.81,6,16.743,351.603,1/22/2019,11:52,現金,13.372958797308113
A,会員,男性,生活雑貨,72.78,10,36.39,764.19,2/3/2019,17:24,現金,51.00987053851053
B,会員,男性,スポーツ・旅行,37.32,9,16.794,352.674,3/6/2019,15:31,電子マネー,18.333119118425987
B,会員,男性,ファッション,60.18,4,12.036,252.756,2/16/2019,18:04,クレジットカード,16.711631632111818
A,ゲスト,女性,家電小物,15.69,3,2.3535,,3/14/2019,14:13,クレジットカード,5.2946651313979585
C,ゲスト,女性,家電小物,99.69,1,4.9845,104.6745,2/27/2019,10:23,クレジットカード,37.647857697750155
A,会員,女性,ファッション,88.15,3,13.2225,277.6725,1/18/2019,10:11,電子マネー,33.374263900040866
A,会員,女性,スポーツ・旅行,27.93,5,6.9825,146.6325,1/29/2019,15:48,現金,16.882240284476175
A,会員,男性,ファッション,55.45,1,2.7725,,2/26/2019,17:46,クレジットカード,19.89176293892684
B,ゲスト,女性,スポーツ・旅行,42.97,3,6.4455,135.3555,2/3/2019,11:46,現金,23.12138071122275
C,会員,男性,スポーツ・旅行,17.14,7,5.999,125.979,1/16/2019,12:07,クレジットカード,8.505033431564568
B,会員,女性,ファッション,58.75,6,17.625,370.125,3/24/2019,18:14,クレジットカード,27.24855216769986
C,会員,女性,食品・飲料,87.1,10,43.55,914.55,2/12/2019,14:45,クレジットカード,47.19100823054402
C,ゲスト,女性,スポーツ・旅行,98.8,2,9.88,207.48,2/21/2019,11:39,現金,50.71163611113413
A,ゲスト,女性,ファッション,48.63,4,9.726,204.246,2/4/2019,15:44,電子マネー,15.763700158278176
B,会員,男性,食品・飲料,57.74,3,8.661,181.881,2/20/2019,13:06,電子マネー,39.61209242359532
B,ゲスト,女性,美容・健康,17.97,4,3.594,,2/23/2019,20:43,電子マネー,3.7966354043720743
C,会員,女性,美容・健康,47.71,6,14.313,300.573,2/16/2019,14:19,電子マネー,12.783491714505246
B,ゲスト,女性,スポーツ・旅行,40.62,2,4.062,,1/17/2019,10:01,クレジットカード,23.30763034376041
A,会員,男性,ファッション,56.04,10,28.02,588.42,1/14/2019,19:30,電子マネー,15.824717763483111
B,会員,男性,食品・飲料,93.4,2,9.34,196.14,3/30/2019,16:34,現金,60.224027930408816
B,ゲスト,女性,美容・健康,73.41,3,11.0115,231.2415,3/2/2019,13:10,電子マネー,10.612005825085522
C,ゲスト,男性,美容・健康,33.64,8,13.456,282.576,2/15/2019,17:10,クレジットカード,9.905459720501359
A,ゲスト,女性,家電小物,45.48,10,22.74,477.54,3/1/2019,10:22,クレジットカード,20.677461507040064
B,会員,男性,ファッション,83.77,2,8.377,175.917,2/24/2019,19:57,現金,32.574647372896436
B,会員,女性,スポーツ・旅行,64.08,7,22.428,470.988,2/19/2019,19:29,クレジットカード,37.87730838000332
A,会員,女性,食品・飲料,73.47,4,14.694,308.574,2/23/2019,18:30,現金,47.256367514524676
C,ゲスト,男性,美容・健康,58.95,10,29.475,618.975,2/7/2019,14:27,電子マネー,18.66586466217031
A,会員,男性,食品・飲料,48.5,6,14.55,305.55,1/11/2019,13:57,電子マネー,31.089349091655677
B,会員,女性,家電小物,39.48,1,1.974,,2/12/2019,19:43,現金,17.945587241693403
B,ゲスト,女性,スポーツ・旅行,34.81,1,1.7405,,1/14/2019,10:11,クレジットカード,18.868817512468986
C,ゲスト,女性,ファッション,49.32,6,14.796,310.716,1/9/2019,13:46,電子マネー,17.912082778885285
A,会員,男性,ファッション,21.48,2,2.148,,2/27/2019,12:22,電子マネー,6.909837894805487
B,会員,女性,スポーツ・旅行,23.08,6,6.924,145.404,1/24/2019,19:20,電子マネー,10.542471137793742
B,会員,女性,生活雑貨,49.1,2,4.91,103.11,1/8/2019,12:58,クレジットカード,29.65859067179695
B,会員,女性,スポーツ・旅行,64.83,2,6.483,136.143,1/8/2019,11:59,クレジットカード,36.2604628985189
A,会員,男性,生活雑貨,63.56,10,31.78,667.38,1/16/2019,17:59,現金,43.5791449893827
C,会員,男性,スポーツ・旅行,72.88,2,7.288,153.048,3/13/2019,12:51,現金,42.19044472412395
A,ゲスト,女性,食品・飲料,67.1,3,10.065,211.365,2/15/2019,10:36,現金,42.00079437867157
C,会員,女性,スポーツ・旅行,70.19,9,31.5855,663.2955,1/25/2019,13:38,現金,29.89646847395821
C,会員,男性,食品・飲料,55.04,7,19.264,404.544,3/12/2019,19:39,電子マネー,38.9153650253568
A,会員,男性,美容・健康,48.63,10,24.315,510.615,3/4/2019,12:44,現金,14.138509527558872
C,会員,女性,ファッション,73.38,7,25.683,539.343,2/10/2019,13:56,現金,18.029826206594656
C,ゲスト,女性,食品・飲料,52.6,9,23.67,497.07,1/16/2019,14:42,現金,38.170756361674655
A,会員,女性,生活雑貨,87.37,5,21.8425,458.6925,1/29/2019,19:45,現金,60.28659541676485
A,会員,女性,スポーツ・旅行,27.04,4,5.408,113.568,1/1/2019,20:26,電子マネー,15.023893576610094
B,ゲスト,男性,生活雑貨,62.19,4,12.438,261.198,1/6/2019,19:46,電子マネー,44.5953355060825
A,会員,男性,家電小物,69.58,9,31.311,657.531,2/19/2019,19:38,クレジットカード,28.986103143185854
C,ゲスト,男性,生活雑貨,97.5,10,48.75,1023.75,1/12/2019,16:18,電子マネー,67.23483744308484
C,ゲスト,女性,ファッション,60.41,8,24.164,507.444,2/7/2019,12:23,電子マネー,17.494637392230736
B,ゲスト,男性,食品・飲料,32.32,3,4.848,101.808,3/27/2019,19:11,クレジットカード,20.639471573105478
B,会員,女性,ファッション,19.77,10,9.885,207.585,2/27/2019,18:57,クレジットカード,6.5013707462891785
B,会員,男性,美容・健康,80.47,9,36.2115,760.4415,1/6/2019,11:18,現金,17.27571387291855
B,会員,女性,生活雑貨,88.39,9,39.7755,835.2855,3/2/2019,12:40,現金,63.29665445566061
B,ゲスト,男性,美容・健康,71.77,7,25.1195,527.5095,3/29/2019,14:06,現金,14.784982777127356
B,ゲスト,女性,家電小物,43.0,4,8.6,180.6,1/31/2019,20:48,電子マネー,19.346036734797995
C,会員,男性,食品・飲料,68.98,1,3.449,,1/21/2019,20:13,現金,43.89752389432535
C,ゲスト,男性,ファッション,15.62,8,6.248,131.208,1/20/2019,20:37,電子マネー,4.840127786835759
A,ゲスト,男性,スポーツ・旅行,25.7,3,3.855,,1/17/2019,17:59,電子マネー,14.50248902049542
A,会員,男性,食品・飲料,80.62,6,24.186,507.906,2/28/2019,20:18,現金,54.78402795192148
C,会員,女性,生活雑貨,75.53,4,15.106,317.226,3/19/2019,15:52,電子マネー,50.28960315876846
C,ゲスト,女性,家電小物,77.63,9,34.9335,733.6035,2/19/2019,15:14,電子マネー,32.362667379400186
C,ゲスト,女性,美容・健康,13.85,9,6.2325,130.8825,2/4/2019,12:50,電子マネー,5.421162296351235
C,会員,男性,ファッション,98.7,8,39.48,829.08,1/31/2019,10:36,電子マネー,23.96019725741676
A,ゲスト,女性,美容・健康,35.68,5,8.92,187.32,2/6/2019,18:33,クレジットカード,10.024212816094181
A,会員,女性,ファッション,71.46,7,25.011,525.231,3/28/2019,16:06,電子マネー,25.64950005287191
A,会員,男性,家電小物,11.94,3,1.791,,1/19/2019,12:47,クレジットカード,5.3722893073507105
A,ゲスト,男性,ファッション,45.38,3,6.807,142.947,2/17/2019,13:34,クレジットカード,15.078138691808292
B,会員,女性,ファッション,17.48,6,5.244,110.124,1/18/2019,15:04,クレジットカード,4.888641062060481
B,ゲスト,女性,ファッション,25.56,7,8.946,187.866,2/2/2019,20:42,現金,8.702930954860685
C,会員,女性,スポーツ・旅行,90.63,9,40.7835,856.4535,1/18/2019,15:28,現金,58.347345785604105
B,ゲスト,男性,生活雑貨,44.12,3,6.618,138.978,3/18/2019,13:45,クレジットカード,27.39578658814627
C,会員,女性,食品・飲料,36.77,7,12.8695,270.2595,1/11/2019,20:10,現金,24.88286423423857
B,会員,男性,食品・飲料,23.34,4,4.668,,2/4/2019,18:53,電子マネー,14.526073503777658
C,会員,女性,美容・健康,28.5,8,11.4,239.4,2/6/2019,14:24,現金,5.185747405764915
C,会員,男性,生活雑貨,55.57,3,8.3355,175.0455,1/8/2019,11:42,クレジットカード,36.52073621267327
B,ゲスト,男性,スポーツ・旅行,69.74,10,34.87,732.27,3/5/2019,17:49,クレジットカード,34.731617608906234
C,ゲスト,男性,ファッション,97.26,4,19.452,408.492,3/16/2019,15:33,電子マネー,33.90083582231034
B,会員,女性,生活雑貨,52.18,7,18.263,383.523,3/9/2019,10:54,現金,35.65013496392605
A,会員,女性,ファッション,22.32,4,4.464,,3/1/2019,16:23,クレジットカード,8.401692070475908
A,ゲスト,男性,美容・健康,56.0,3,8.4,176.4,2/28/2019,19:33,電子マネー,10.37658188898736
A,会員,男性,ファッション,19.7,1,0.985,,2/8/2019,11:39,電子マネー,7.3001466109832345
B,ゲスト,男性,家電小物,75.88,7,26.558,557.718,1/24/2019,10:38,電子マネー,32.122404164832155
B,会員,男性,食品・飲料,53.72,1,2.686,,3/1/2019,20:03,電子マネー,35.73297323288595
C,会員,男性,美容・健康,81.95,10,40.975,860.475,3/10/2019,12:39,クレジットカード,23.152331932423593
C,会員,女性,生活雑貨,81.2,7,28.42,596.82,3/23/2019,15:59,クレジットカード,51.67119208856888
C,ゲスト,男性,家電小物,58.76,10,29.38,616.98,1/29/2019,14:26,電子マネー,26.8895976084775
B,会員,男性,家電小物,91.56,8,36.624,769.104,1/12/2019,18:22,電子マネー,35.423470169998495
A,ゲスト,男性,生活雑貨,93.96,9,42.282,887.922,3/20/2019,11:32,現金,70.88312783461119
C,ゲスト,男性,生活雑貨,55.61,7,19.4635,408.7335,3/23/2019,12:41,現金,36.05450329005013
C,ゲスト,男性,食品・飲料,84.83,1,4.2415,,1/14/2019,15:20,電子マネー,50.99615341282957
A,会員,女性,スポーツ・旅行,71.63,2,7.163,150.423,2/12/2019,14:33,電子マネー,46.08666252998401
A,会員,男性,生活雑貨,37.69,2,3.769,,2/20/2019,15:29,電子マネー,22.63142050966112
C,会員,女性,スポーツ・旅行,31.67,8,12.668,266.028,1/2/2019,16:19,クレジットカード,16.688856199700133
C,会員,女性,食品・飲料,38.42,1,1.921,,2/2/2019,16:33,現金,22.788558834445517
B,会員,男性,ファッション,65.23,10,32.615,684.915,1/8/2019,19:07,クレジットカード,26.18282407222489
C,会員,女性,生活雑貨,10.53,5,2.6325,,1/30/2019,14:43,クレジットカード,7.618562865886745
B,会員,女性,生活雑貨,12.29,9,5.5305,116.1405,3/26/2019,19:28,クレジットカード,8.613867673478106
C,会員,男性,美容・健康,81.23,7,28.4305,597.0405,1/15/2019,20:44,現金,13.770550279253339
B,会員,女性,ファッション,22.32,4,4.464,,3/14/2019,11:16,電子マネー,7.042910661103434
A,ゲスト,女性,食品・飲料,27.28,5,6.82,143.22,2/3/2019,10:31,クレジットカード,19.59589610872957
A,会員,女性,家電小物,17.42,10,8.71,182.91,2/22/2019,12:30,電子マネー,6.872484837272039
B,ゲスト,男性,生活雑貨,73.28,5,18.32,384.72,1/24/2019,15:05,電子マネー,56.68184361968095
C,会員,女性,ファッション,84.87,3,12.7305,267.3405,1/25/2019,18:30,電子マネー,34.34971994044724
A,ゲスト,女性,ファッション,97.29,8,38.916,817.236,3/9/2019,13:18,クレジットカード,30.656521988267738
B,会員,女性,家電小物,35.74,8,14.296,300.216,2/17/2019,15:28,電子マネー,18.513443306814533
A,ゲスト,女性,生活雑貨,96.52,6,28.956,608.076,1/11/2019,11:52,現金,69.94653569432765
A,会員,男性,食品・飲料,18.85,10,9.425,197.925,2/27/2019,18:24,電子マネー,11.980109330094244
A,ゲスト,女性,食品・飲料,55.39,4,11.078,232.638,3/25/2019,15:19,電子マネー,40.30616660423368
B,会員,女性,食品・飲料,77.2,10,38.6,810.6,2/11/2019,10:38,クレジットカード,49.12052911124652
B,ゲスト,男性,家電小物,72.13,10,36.065,757.365,1/31/2019,15:12,クレジットカード,30.503953052720682
A,会員,女性,ファッション,63.88,8,25.552,536.592,1/20/2019,17:48,電子マネー,19.462984422919085
A,会員,女性,美容・健康,10.69,5,2.6725,,3/26/2019,11:07,電子マネー,2.537410428891908
A,会員,男性,美容・健康,55.5,4,11.1,233.1,1/20/2019,15:48,クレジットカード,12.774639922827108
B,ゲスト,女性,生活雑貨,95.46,8,38.184,801.864,3/5/2019,19:40,電子マネー,71.72194206398163
C,ゲスト,女性,ファッション,76.06,3,11.409,239.589,1/5/2019,20:30,クレジットカード,27.170923661735884
B,ゲスト,男性,スポーツ・旅行,13.69,6,4.107,,2/13/2019,13:59,現金,7.3965798250945864
B,ゲスト,女性,家電小物,95.64,4,19.128,401.688,3/16/2019,18:51,現金,42.69280492223082
A,ゲスト,女性,生活雑貨,11.43,6,3.429,,1/15/2019,17:24,現金,7.9695536635395205
B,会員,女性,スポーツ・旅行,95.54,4,19.108,401.268,2/26/2019,11:58,電子マネー,45.85291801189595
C,会員,女性,美容・健康,85.87,7,30.0545,631.1445,2/27/2019,19:01,クレジットカード,21.364365710720666
C,会員,女性,スポーツ・旅行,67.99,7,23.7965,499.7265,2/17/2019,16:50,電子マネー,33.16349140244664
C,ゲスト,女性,食品・飲料,52.42,1,2.621,,2/6/2019,10:22,クレジットカード,35.11061470971867
C,会員,男性,食品・飲料,65.65,2,6.565,137.865,1/17/2019,16:46,現金,37.1033024908576
B,ゲスト,女性,食品・飲料,28.86,5,7.215,151.515,1/22/2019,18:08,クレジットカード,19.918025481622724
C,会員,男性,美容・健康,65.31,7,22.8585,480.0285,3/5/2019,18:02,クレジットカード,11.852839379609396
B,ゲスト,男性,スポーツ・旅行,93.38,1,4.669,,1/3/2019,13:07,現金,51.58636130151684
C,会員,男性,スポーツ・旅行,25.25,5,6.3125,132.5625,3/20/2019,17:52,現金,12.40985904065568
B,会員,男性,家電小物,87.87,9,39.5415,830.3715,1/31/2019,20:32,電子マネー,45.683086514481346
C,ゲスト,男性,美容・健康,21.8,8,8.72,183.12,2/19/2019,19:24,現金,6.710160327861518
A,ゲスト,女性,スポーツ・旅行,94.76,4,18.952,397.992,2/11/2019,16:06,電子マネー,44.21755637996205
A,会員,女性,ファッション,30.62,1,1.531,,2/5/2019,14:14,クレジットカード,8.460862700631267
C,ゲスト,女性,生活雑貨,44.01,8,17.604,369.684,3/3/2019,17:36,現金,26.924107399143058
C,会員,女性,美容・健康,10.16,5,2.54,,2/24/2019,13:08,電子マネー,3.2555663688534264
A,ゲスト,男性,家電小物,74.58,7,26.103,548.163,2/4/2019,16:09,クレジットカード,29.363182341898003
C,ゲスト,男性,家電小物,71.89,8,28.756,603.876,2/19/2019,11:33,電子マネー,33.17479721848618
C,ゲスト,女性,美容・健康,10.99,5,2.7475,,1/23/2019,10:18,クレジットカード,2.716491776649985
C,会員,男性,美容・健康,60.47,3,9.0705,190.4805,1/14/2019,10:55,クレジットカード,7.098282483840748
A,ゲスト,男性,スポーツ・旅行,58.91,7,20.6185,432.9885,1/17/2019,15:15,電子マネー,28.617998762305707
A,ゲスト,男性,ファッション,46.41,1,2.3205,,3/3/2019,20:06,クレジットカード,18.636713116747853
C,会員,男性,美容・健康,68.55,4,13.71,287.91,2/15/2019,20:21,クレジットカード,20.890835101329493
B,ゲスト,女性,生活雑貨,97.37,10,48.685,1022.385,1/15/2019,13:48,クレジットカード,63.59721249562929
A,会員,男性,家電小物,92.6,7,32.41,680.61,2/27/2019,12:52,クレジットカード,47.435647614285216
A,ゲスト,女性,家電小物,46.61,2,4.661,,2/26/2019,12:28,クレジットカード,17.81178328056014
B,ゲスト,男性,ファッション,27.18,2,2.718,,3/15/2019,16:26,電子マネー,8.90681026631617
C,会員,女性,生活雑貨,60.87,1,3.0435,,1/24/2019,13:24,現金,41.3796168788946
A,会員,女性,スポーツ・旅行,24.49,10,12.245,257.145,2/22/2019,15:15,現金,12.985442445513554
B,ゲスト,男性,美容・健康,92.78,1,4.639,,3/15/2019,10:50,クレジットカード,28.38013905212171
C,会員,男性,生活雑貨,86.69,5,21.6725,455.1225,2/11/2019,18:38,電子マネー,66.30424627377742
B,ゲスト,男性,スポーツ・旅行,23.01,6,6.903,144.963,1/12/2019,16:45,電子マネー,13.587956542384733
C,会員,女性,家電小物,30.2,8,12.08,253.68,3/3/2019,19:30,電子マネー,13.111545835938974
C,会員,男性,ファッション,67.39,7,23.5865,495.3165,3/23/2019,13:23,電子マネー,23.632134123221086
A,会員,女性,ファッション,48.96,9,22.032,462.672,3/4/2019,11:27,現金,15.147508971987913
B,会員,女性,家電小物,75.59,9,34.0155,714.3255,2/23/2019,11:12,現金,37.3049143439552
A,ゲスト,女性,生活雑貨,77.47,4,15.494,325.374,3/17/2019,16:36,現金,52.12051682189564
A,ゲスト,女性,スポーツ・旅行,93.18,2,9.318,195.678,1/16/2019,18:41,クレジットカード,60.504191098599264
A,ゲスト,女性,家電小物,50.23,4,10.046,210.966,1/8/2019,17:12,現金,19.21039496639989
B,ゲスト,女性,美容・健康,17.75,1,0.8875,,1/14/2019,10:38,現金,5.926503983697544
C,ゲスト,女性,ファッション,62.18,10,31.09,652.89,1/31/2019,10:33,電子マネー,20.749822183001594
B,ゲスト,男性,美容・健康,10.75,8,4.3,,3/15/2019,14:38,電子マネー,2.2101375513265795
A,ゲスト,女性,家電小物,40.26,10,20.13,422.73,2/24/2019,18:06,クレジットカード,17.714070085198646
C,会員,女性,スポーツ・旅行,64.97,5,16.2425,341.0925,2/8/2019,12:52,クレジットカード,36.3914604901452
A,ゲスト,男性,家電小物,95.15,1,4.7575,,3/22/2019,14:00,現金,39.59660176505405
A,会員,女性,家電小物,48.62,8,19.448,408.408,1/24/2019,10:57,現金,23.797576546874087
B,ゲスト,女性,食品・飲料,53.21,8,21.284,446.964,3/14/2019,16:45,電子マネー,38.04005216480223
C,ゲスト,女性,ファッション,45.44,7,15.904,333.984,1/23/2019,11:15,現金,17.915675095423435
A,ゲスト,男性,食品・飲料,33.88,8,13.552,284.592,1/19/2019,20:29,電子マネー,23.808410979401547
B,会員,男性,美容・健康,96.16,4,19.232,403.872,1/27/2019,20:03,クレジットカード,28.237008656460205
B,会員,男性,食品・飲料,47.16,5,11.79,247.59,2/3/2019,14:35,クレジットカード,32.24970837568129
B,ゲスト,男性,家電小物,52.89,4,10.578,222.138,3/25/2019,16:32,電子マネー,25.4860603940201
A,会員,女性,生活雑貨,47.68,2,4.768,100.128,2/24/2019,10:10,クレジットカード,37.3045941049621
C,会員,男性,スポーツ・旅行,10.17,1,0.5085,,2/7/2019,14:15,現金,5.584850421618129
A,ゲスト,女性,美容・健康,68.71,3,10.3065,216.4365,3/4/2019,10:05,現金,18.300936374356215
B,会員,女性,スポーツ・旅行,60.08,7,21.028,441.588,2/14/2019,11:36,クレジットカード,36.33963471259901
A,会員,女性,スポーツ・旅行,22.01,4,4.402,,1/29/2019,18:15,クレジットカード,10.352247240466248
B,会員,女性,美容・健康,72.11,9,32.4495,681.4395,1/28/2019,13:53,クレジットカード,25.66512421559915
A,会員,男性,ファッション,41.28,3,6.192,130.032,3/26/2019,18:37,クレジットカード,13.932850851069455
C,ゲスト,男性,家電小物,64.95,10,32.475,681.975,3/24/2019,18:27,現金,30.228305854762876
A,会員,女性,家電小物,74.22,10,37.11,779.31,1/1/2019,14:42,クレジットカード,29.982830808015475
A,ゲスト,男性,家電小物,10.56,8,4.224,,1/24/2019,17:43,現金,4.079590754683112
B,ゲスト,男性,美容・健康,62.57,4,12.514,262.794,2/25/2019,18:37,現金,15.05468957303272
B,会員,女性,スポーツ・旅行,11.85,8,4.74,,1/9/2019,16:34,現金,7.238988376151946
A,会員,男性,美容・健康,91.3,1,4.565,,2/14/2019,14:42,電子マネー,22.521027102688812
B,会員,女性,生活雑貨,40.73,7,14.2555,299.3655,3/12/2019,11:01,電子マネー,30.731300397239472
A,ゲスト,男性,ファッション,52.38,1,2.619,,3/26/2019,19:44,現金,14.480425011917434
A,会員,男性,ファッション,38.54,5,9.635,202.335,1/9/2019,13:34,電子マネー,13.46727231459288
B,ゲスト,男性,スポーツ・旅行,44.63,6,13.389,281.169,1/2/2019,20:08,クレジットカード,28.355663354658745
C,ゲスト,男性,家電小物,55.87,10,27.935,586.635,1/15/2019,15:01,現金,18.372684372763622
C,会員,女性,スポーツ・旅行,29.22,6,8.766,184.086,1/1/2019,11:40,電子マネー,15.935480856237975
A,ゲスト,男性,ファッション,51.94,3,7.791,163.611,2/15/2019,15:21,現金,20.578711160514622
B,ゲスト,男性,家電小物,60.3,1,3.015,,2/28/2019,17:38,現金,22.612117670557932
A,会員,女性,スポーツ・旅行,39.47,2,3.947,,3/2/2019,16:16,クレジットカード,19.69566583864817
C,会員,女性,食品・飲料,14.87,2,1.487,,2/13/2019,18:15,クレジットカード,10.109453713955029
A,ゲスト,男性,ファッション,21.32,1,1.066,,1/26/2019,12:43,現金,6.76946931160781
A,会員,男性,家電小物,93.78,3,14.067,295.407,1/30/2019,11:32,クレジットカード,40.25326748424279
A,会員,男性,家電小物,73.26,1,3.663,,1/27/2019,18:08,電子マネー,31.227933882433803
C,ゲスト,女性,スポーツ・旅行,22.38,1,1.119,,1/30/2019,17:08,クレジットカード,11.748342906713637
C,会員,女性,食品・飲料,72.88,9,32.796,688.716,1/8/2019,19:38,現金,51.58229123485157
A,ゲスト,女性,ファッション,99.1,6,29.73,624.33,1/19/2019,13:11,現金,37.658539210617505
A,ゲスト,男性,ファッション,74.1,1,3.705,,1/25/2019,11:05,現金,27.790553012815696
A,ゲスト,女性,ファッション,98.48,2,9.848,206.808,2/19/2019,10:12,電子マネー,32.61755219432194
C,ゲスト,男性,美容・健康,53.19,7,18.6165,390.9465,1/14/2019,15:42,電子マネー,16.4775641987415
B,ゲスト,女性,家電小物,52.79,10,26.395,554.295,2/25/2019,11:58,電子マネー,23.85934054159966
A,会員,女性,美容・健康,95.95,5,23.9875,503.7375,1/23/2019,14:21,電子マネー,21.643686977449835
B,ゲスト,女性,ファッション,36.51,9,16.4295,345.0195,2/16/2019,10:52,現金,13.799094945367155
B,ゲスト,男性,食品・飲料,21.12,8,8.448,177.408,1/1/2019,19:31,現金,15.929063365782431
A,会員,女性,生活雑貨,28.31,4,5.662,118.902,3/7/2019,18:35,現金,19.72443697780246
B,ゲスト,男性,美容・健康,57.59,6,17.277,362.817,2/15/2019,13:51,現金,15.01651607830336
A,会員,女性,食品・飲料,47.63,9,21.4335,450.1035,1/23/2019,12:35,現金,29.628692111354614
C,会員,女性,生活雑貨,86.27,1,4.3135,,2/20/2019,13:24,電子マネー,61.65389172097495
A,会員,男性,スポーツ・旅行,12.76,2,1.276,,1/8/2019,18:06,電子マネー,7.571854001019988
B,ゲスト,女性,生活雑貨,11.28,9,5.076,106.596,3/17/2019,11:55,クレジットカード,7.860523905862407
B,ゲスト,女性,生活雑貨,51.07,7,17.8745,375.3645,1/12/2019,11:42,現金,37.557035306937244
A,会員,女性,家電小物,79.59,3,11.9385,250.7085,1/8/2019,14:30,現金,29.610628384588534
C,会員,男性,美容・健康,33.81,3,5.0715,106.5015,1/26/2019,15:11,電子マネー,9.428087638598317
B,会員,男性,スポーツ・旅行,90.53,8,36.212,760.452,3/15/2019,14:48,クレジットカード,48.59928648026001
C,会員,女性,美容・健康,62.82,2,6.282,131.922,1/17/2019,12:36,電子マネー,17.08507828074339
C,会員,男性,食品・飲料,24.31,3,3.6465,,1/8/2019,19:09,クレジットカード,16.02907472559306
A,ゲスト,男性,スポーツ・旅行,64.59,4,12.918,271.278,1/6/2019,13:35,電子マネー,34.5227877392479
A,会員,男性,食品・飲料,24.82,7,8.687,182.427,2/16/2019,10:33,クレジットカード,14.698440606210484
C,ゲスト,男性,ファッション,56.5,1,2.825,,3/13/2019,15:45,電子マネー,17.335522724278476
B,会員,女性,家電小物,21.43,10,10.715,225.015,1/28/2019,11:51,現金,10.771196111032767
A,会員,男性,スポーツ・旅行,89.06,6,26.718,561.078,1/18/2019,17:26,現金,49.933060149076944
A,会員,男性,生活雑貨,23.29,4,4.658,,3/19/2019,11:52,クレジットカード,15.829070588833101
C,ゲスト,男性,生活雑貨,65.26,8,26.104,548.184,3/15/2019,14:04,電子マネー,41.076205907324514
C,会員,男性,ファッション,52.35,1,2.6175,,2/12/2019,17:49,現金,15.61678931655317
B,会員,男性,家電小物,39.75,1,1.9875,,2/25/2019,20:19,現金,14.918719585386686
A,ゲスト,女性,家電小物,90.02,8,36.008,756.168,3/21/2019,16:08,クレジットカード,55.79136242995526
B,会員,女性,家電小物,12.1,8,4.84,101.64,1/19/2019,10:17,電子マネー,6.088729646483682
B,会員,女性,食品・飲料,33.21,10,16.605,348.705,1/8/2019,14:25,電子マネー,19.529398786231063
C,会員,女性,ファッション,10.18,8,4.072,,3/30/2019,12:51,クレジットカード,3.556501574698253
B,会員,男性,スポーツ・旅行,31.99,10,15.995,335.895,2/20/2019,15:18,クレジットカード,16.045709700613415
A,会員,女性,生活雑貨,34.42,6,10.326,216.846,3/30/2019,12:45,電子マネー,24.721267329171326
A,会員,女性,食品・飲料,83.34,2,8.334,175.014,3/19/2019,13:37,現金,49.7311423463455
A,ゲスト,男性,スポーツ・旅行,45.58,7,15.953,335.013,1/13/2019,10:03,現金,22.60132401824173
A,会員,男性,食品・飲料,87.9,1,4.395,,2/5/2019,19:42,電子マネー,60.322134529916276
A,会員,女性,家電小物,73.47,10,36.735,771.435,3/23/2019,13:14,電子マネー,38.68556468847898
C,ゲスト,女性,ファッション,12.19,8,4.876,102.396,3/13/2019,12:47,電子マネー,4.305347730224732
A,会員,男性,スポーツ・旅行,76.92,10,38.46,807.66,3/17/2019,19:53,電子マネー,34.89889418248228
C,ゲスト,女性,美容・健康,83.66,5,20.915,439.215,2/21/2019,10:26,現金,13.603362048778859
B,ゲスト,女性,家電小物,57.91,8,23.164,486.444,2/7/2019,15:06,現金,22.213313725683765
C,会員,女性,ファッション,92.49,5,23.1225,485.5725,3/2/2019,16:35,クレジットカード,36.543228688481236
B,ゲスト,男性,家電小物,28.38,5,7.095,148.995,3/6/2019,20:57,現金,10.85863851935784
B,会員,男性,家電小物,50.45,6,15.135,317.835,2/6/2019,15:16,クレジットカード,20.705258413968057
B,ゲスト,男性,美容・健康,99.16,8,39.664,832.944,1/28/2019,17:47,クレジットカード,31.094337697853486
C,ゲスト,男性,ファッション,60.74,7,21.259,446.439,1/18/2019,16:23,電子マネー,23.330833400052306
C,会員,女性,食品・飲料,47.27,6,14.181,297.801,2/5/2019,10:17,現金,30.373189422037083
C,会員,男性,美容・健康,85.6,7,29.96,629.16,3/2/2019,13:50,現金,23.660061579522456
A,会員,男性,食品・飲料,35.04,9,15.768,331.128,2/9/2019,19:17,電子マネー,23.255734578396353
C,会員,女性,家電小物,44.84,9,20.178,423.738,1/14/2019,14:00,クレジットカード,18.032835734535993
B,ゲスト,男性,生活雑貨,45.97,4,9.194,193.074,2/9/2019,12:02,電子マネー,33.7189587391647
A,会員,女性,美容・健康,27.73,5,6.9325,145.5825,3/26/2019,20:21,クレジットカード,6.195398045566938
A,ゲスト,男性,食品・飲料,11.53,7,4.0355,,1/28/2019,17:35,現金,7.546283237978699
C,ゲスト,女性,美容・健康,58.32,2,5.832,122.472,2/14/2019,12:42,電子マネー,12.962366398400938
C,会員,女性,生活雑貨,78.38,4,15.676,329.196,3/24/2019,17:56,現金,53.52184652963638
C,ゲスト,男性,美容・健康,84.61,10,42.305,888.405,2/9/2019,18:58,クレジットカード,24.65657894958466
B,ゲスト,女性,美容・健康,82.88,5,20.72,435.12,3/24/2019,14:08,クレジットカード,21.90461796273544
A,会員,女性,食品・飲料,79.54,2,7.954,167.034,3/27/2019,16:30,電子マネー,51.073654899505414
B,ゲスト,女性,生活雑貨,49.01,10,24.505,514.605,1/27/2019,10:44,クレジットカード,33.17883767676963
B,会員,女性,食品・飲料,29.15,3,4.3725,,3/27/2019,20:29,クレジットカード,20.556198878876714
C,ゲスト,女性,家電小物,56.13,4,11.226,235.746,1/19/2019,11:43,電子マネー,25.98432782042775
A,ゲスト,女性,生活雑貨,93.12,8,37.248,782.208,2/7/2019,10:09,現金,61.07996317147495
A,会員,男性,ファッション,51.34,8,20.536,431.256,1/31/2019,10:00,電子マネー,22.616611081146626
A,会員,女性,食品・飲料,99.6,3,14.94,313.74,2/25/2019,18:45,現金,65.08543952042504
C,ゲスト,女性,家電小物,35.49,6,10.647,223.587,2/2/2019,12:40,現金,18.467287125489833
C,会員,男性,スポーツ・旅行,42.85,1,2.1425,,3/14/2019,15:36,クレジットカード,21.263169783793106
A,ゲスト,女性,ファッション,94.67,4,18.934,397.614,3/11/2019,12:04,現金,34.33450573724877
B,ゲスト,男性,生活雑貨,68.97,3,10.3455,217.2555,2/22/2019,11:26,電子マネー,57.4604755067286
B,会員,女性,家電小物,26.26,3,3.939,,3/2/2019,12:36,電子マネー,9.741499583310656
C,会員,女性,生活雑貨,35.79,9,16.1055,338.2155,3/10/2019,15:06,クレジットカード,24.36153226217088
B,ゲスト,女性,生活雑貨,16.37,6,4.911,103.131,2/8/2019,10:58,現金,11.249271438015928
C,会員,女性,生活雑貨,12.73,2,1.273,,2/22/2019,12:10,クレジットカード,9.562154506636949
C,ゲスト,女性,スポーツ・旅行,83.14,7,29.099,611.079,1/10/2019,10:31,クレジットカード,44.622931768954196
C,会員,女性,スポーツ・旅行,35.22,6,10.566,221.886,3/14/2019,13:49,電子マネー,22.205678874570406
B,ゲスト,女性,家電小物,13.78,4,2.756,,1/10/2019,11:10,電子マネー,6.16654684983154
B,会員,男性,スポーツ・旅行,88.31,1,4.4155,,2/15/2019,17:38,クレジットカード,48.10090300103296
A,会員,女性,美容・健康,39.62,9,17.829,374.409,1/13/2019,17:54,クレジットカード,8.126536547572954
B,ゲスト,女性,家電小物,88.25,9,39.7125,833.9625,2/15/2019,20:51,クレジットカード,42.37034231590332
B,ゲスト,男性,スポーツ・旅行,25.31,2,2.531,,3/2/2019,19:26,電子マネー,12.558888816862867
B,ゲスト,男性,生活雑貨,99.92,6,29.976,629.496,3/24/2019,13:33,電子マネー,78.82260722992046
C,会員,女性,ファッション,83.35,2,8.335,175.035,2/2/2019,14:05,クレジットカード,27.415859370317296
A,ゲスト,女性,食品・飲料,74.44,10,37.22,781.62,2/27/2019,11:40,電子マネー,52.627434709612274
C,ゲスト,男性,美容・健康,64.08,7,22.428,470.988,1/20/2019,12:27,電子マネー,12.54102597007962
B,ゲスト,女性,生活雑貨,63.15,6,18.945,397.845,1/3/2019,20:24,電子マネー,45.5905844838142
C,会員,男性,生活雑貨,85.72,3,12.858,270.018,1/24/2019,20:59,電子マネー,58.697487416693534
C,ゲスト,女性,美容・健康,78.89,7,27.6115,579.8415,1/5/2019,19:48,電子マネー,20.538477057523465
A,ゲスト,女性,スポーツ・旅行,89.48,5,22.37,469.77,3/30/2019,10:18,現金,49.33064816991281
A,会員,女性,美容・健康,92.09,3,13.8135,290.0835,2/17/2019,16:27,現金,25.697464045930722
C,ゲスト,女性,食品・飲料,57.29,6,17.187,360.927,3/21/2019,17:04,電子マネー,38.40216415490989
A,ゲスト,男性,食品・飲料,66.52,4,13.304,279.384,3/2/2019,18:14,電子マネー,41.30072762192551
C,会員,男性,ファッション,99.82,9,44.919,943.299,3/27/2019,10:43,現金,23.047937774586963
A,ゲスト,女性,生活雑貨,45.68,10,22.84,479.64,1/19/2019,19:30,電子マネー,30.129836222625563
A,ゲスト,男性,美容・健康,50.79,5,12.6975,266.6475,2/19/2019,14:53,クレジットカード,13.092161061588538
A,会員,男性,美容・健康,10.08,7,3.528,,3/28/2019,20:14,現金,3.3584850055499547
A,ゲスト,女性,家電小物,93.88,7,32.858,690.018,1/5/2019,11:51,クレジットカード,39.03193361434527
C,会員,男性,家電小物,84.25,2,8.425,176.925,3/26/2019,14:13,クレジットカード,37.0777988806199
B,会員,男性,ファッション,53.78,1,2.689,,2/3/2019,20:13,電子マネー,19.33064314314752
C,会員,男性,生活雑貨,35.81,5,8.9525,188.0025,2/6/2019,18:44,電子マネー,21.900447362087174
B,ゲスト,女性,食品・飲料,26.43,8,10.572,222.012,2/24/2019,14:26,電子マネー,18.52626594334707
B,会員,男性,美容・健康,39.91,3,5.9865,125.7165,2/21/2019,12:40,電子マネー,11.798330427157985
B,会員,女性,生活雑貨,21.9,3,3.285,,1/9/2019,18:43,電子マネー,15.5183434909126
B,会員,女性,食品・飲料,62.85,4,12.57,263.97,2/25/2019,13:22,電子マネー,41.809838503723064
C,会員,女性,食品・飲料,21.04,4,4.208,,1/13/2019,13:58,現金,12.231334460949887
B,会員,男性,生活雑貨,65.91,6,19.773,415.233,2/9/2019,11:45,現金,45.1405282463381
A,ゲスト,女性,ファッション,42.57,7,14.8995,312.8895,1/6/2019,11:51,現金,19.793647968052106
C,会員,男性,食品・飲料,50.49,9,22.7205,477.1305,1/10/2019,17:16,現金,33.16394070269712
B,ゲスト,男性,家電小物,46.02,6,13.806,289.926,2/7/2019,15:55,現金,22.352351729531797
C,ゲスト,女性,生活雑貨,15.8,10,7.9,165.9,1/9/2019,12:07,現金,11.706661376343892
A,会員,女性,食品・飲料,98.66,9,44.397,932.337,2/19/2019,15:07,現金,53.83331727425204
C,会員,男性,ファッション,91.98,1,4.599,,3/18/2019,15:29,現金,40.43021187228882
A,会員,男性,家電小物,20.89,2,2.089,,2/5/2019,18:45,現金,9.157808085343861
A,ゲスト,女性,ファッション,15.5,1,0.775,,3/19/2019,15:23,クレジットカード,4.660072398218863
C,会員,男性,家電小物,96.82,3,14.523,304.983,3/30/2019,20:37,現金,42.60332308443399
B,ゲスト,男性,食品・飲料,33.33,2,3.333,,1/26/2019,14:41,クレジットカード,20.208333482189037
B,ゲスト,女性,家電小物,38.27,2,3.827,,3/2/2019,18:18,クレジットカード,15.978564509417188
A,ゲスト,女性,生活雑貨,33.3,9,14.985,314.685,3/4/2019,15:27,電子マネー,21.653778797635457
A,会員,男性,生活雑貨,81.01,3,12.1515,255.1815,1/13/2019,12:55,クレジットカード,51.30238888703159
A,ゲスト,女性,美容・健康,15.8,3,2.37,,3/25/2019,18:02,現金,3.9315215761172033
B,会員,女性,家電小物,34.49,5,8.6225,181.0725,3/11/2019,19:44,クレジットカード,14.653072150374724
B,会員,女性,食品・飲料,84.63,10,42.315,888.615,1/1/2019,11:36,クレジットカード,45.06175473131283
B,会員,男性,生活雑貨,36.91,7,12.9185,271.2885,2/10/2019,13:51,電子マネー,24.48676184389581
B,ゲスト,男性,家電小物,87.08,7,30.478,640.038,1/26/2019,15:17,現金,38.460426577115705
A,ゲスト,男性,生活雑貨,80.08,3,12.012,252.252,2/11/2019,15:29,現金,53.114231963045825
C,ゲスト,男性,ファッション,86.13,2,8.613,180.873,2/7/2019,17:59,現金,31.937782164788143
B,会員,男性,ファッション,49.92,2,4.992,104.832,3/6/2019,11:55,クレジットカード,16.466599278413277
A,ゲスト,女性,食品・飲料,74.66,4,14.932,313.572,3/4/2019,10:39,現金,48.08223582949285
B,会員,男性,食品・飲料,26.6,6,7.98,167.58,2/26/2019,15:10,電子マネー,15.533533645007243
B,ゲスト,女性,家電小物,25.45,1,1.2725,,3/10/2019,18:10,クレジットカード,11.556444130267325
B,ゲスト,女性,食品・飲料,67.77,1,3.3885,,2/4/2019,20:43,クレジットカード,45.090202545131504
C,会員,男性,食品・飲料,59.59,4,11.918,250.278,1/19/2019,12:46,現金,33.48714783648158
A,ゲスト,男性,美容・健康,58.15,4,11.63,244.23,1/23/2019,17:44,現金,10.70947901406833
A,会員,女性,スポーツ・旅行,97.48,9,43.866,921.186,3/14/2019,14:19,電子マネー,50.44031607227929
C,ゲスト,男性,美容・健康,99.96,7,34.986,734.706,1/23/2019,10:33,現金,21.303349222354463
C,ゲスト,男性,家電小物,96.37,7,33.7295,708.3195,1/9/2019,11:40,現金,38.97972342388489
B,ゲスト,女性,ファッション,63.71,5,15.9275,334.4775,2/7/2019,19:30,電子マネー,20.759062213371784
B,ゲスト,女性,美容・健康,14.76,2,1.476,,2/18/2019,14:42,電子マネー,2.3172382799657005
B,会員,男性,美容・健康,62.0,8,24.8,520.8,1/3/2019,19:08,クレジットカード,14.963303327667461
C,会員,男性,家電小物,82.34,10,41.17,864.57,3/29/2019,19:12,電子マネー,37.25650190871887
B,会員,男性,美容・健康,75.37,8,30.148,633.108,1/28/2019,15:46,クレジットカード,17.038975373531077
A,ゲスト,女性,食品・飲料,56.56,5,14.14,296.94,3/22/2019,19:06,クレジットカード,37.4435322889431
B,ゲスト,女性,スポーツ・旅行,76.6,10,38.3,804.3,1/24/2019,18:10,電子マネー,48.201996164901075
A,ゲスト,男性,家電小物,58.03,2,5.803,121.863,3/10/2019,20:46,電子マネー,29.17927539246069
B,ゲスト,男性,ファッション,17.49,10,8.745,183.645,2/22/2019,18:35,電子マネー,7.003367649887372
C,会員,女性,家電小物,60.95,1,3.0475,,2/18/2019,11:40,電子マネー,25.93341135725218
C,ゲスト,男性,美容・健康,40.35,1,2.0175,,1/29/2019,13:46,電子マネー,12.091441737323649
B,ゲスト,女性,生活雑貨,97.38,10,48.69,1022.49,3/2/2019,17:16,電子マネー,74.88800563195377
A,会員,男性,食品・飲料,31.84,1,1.592,,2/9/2019,13:22,現金,21.13637099018085
A,ゲスト,男性,生活雑貨,65.82,1,3.291,,2/22/2019,15:33,現金,44.303589525054335
A,会員,女性,ファッション,88.34,7,30.919,649.299,2/18/2019,13:28,現金,32.034528270202074
